number,value,datetime_start,datetime_complete,duration,params_dropout_rate,params_hidden,params_lambda_ic,params_lambda_phys,params_lr,params_n_layers,params_scheduler_gamma,params_scheduler_step,state
0,0.08860582113265991,2026-05-15 12:46:35.628508,2026-05-15 12:47:19.349474,0 days 00:00:43.720966,0.146398788362281,48,53.99484409787433,0.0017073967431528124,0.0015751320499779737,6,0.39361118426546193,1000,COMPLETE
1,0.002543967217206955,2026-05-15 12:47:19.369625,2026-05-15 12:47:48.150119,0 days 00:00:28.780494,0.004116898859160489,80,2.32706770838378,0.005337032762603957,0.008706020878304856,5,0.7994655844802532,1500,COMPLETE
2,0.08017083257436752,2026-05-15 12:47:48.167003,2026-05-15 12:48:31.867545,0 days 00:00:43.700542,0.08638900372842316,48,5.404103854647328,0.01474275315991467,0.0003823475224675188,4,0.6671117368334277,1000,COMPLETE
3,0.01684301160275936,2026-05-15 12:48:31.877170,2026-05-15 12:49:10.404155,0 days 00:00:38.526985,0.03993475643167195,64,2.1930485556643684,0.26926469100861794,0.0010677482709481358,5,0.6554487413172255,500,COMPLETE
4,0.11784589290618896,2026-05-15 12:49:10.420463,2026-05-15 12:49:25.026873,0 days 00:00:14.606410,0.19312640661491187,16,7.591104805282694,0.5456725485601477,0.004138040112561018,6,0.4827682615040224,500,COMPLETE
5,0.2045384794473648,2026-05-15 12:49:25.040238,2026-05-15 12:49:25.259580,0 days 00:00:00.219342,0.006877704223043679,16,10.968217207529522,0.017654048052495083,0.006586289317583112,4,0.4552679889600102,3500,PRUNED
6,0.2734566032886505,2026-05-15 12:49:25.266706,2026-05-15 12:49:25.422681,0 days 00:00:00.155975,0.19391692555291173,80,69.78281265126033,0.24637685958997463,0.0035503048581283078,2,0.8636993649385136,4500,PRUNED
7,0.1726677268743515,2026-05-15 12:49:25.428869,2026-05-15 12:49:25.590860,0 days 00:00:00.161991,0.009045457782107613,16,5.170191786366991,2.0651425578959257,0.0004473636174621269,2,0.5332063738136892,1500,PRUNED
8,0.0025613929610699415,2026-05-15 12:49:25.597177,2026-05-15 12:50:08.003287,0 days 00:00:42.406110,0.02818484499495253,48,2.4970737145052717,1.2273800987852967,0.0040215545266902904,4,0.3447303862078625,5000,COMPLETE
9,0.20472751557826996,2026-05-15 12:50:08.014863,2026-05-15 12:50:08.330082,0 days 00:00:00.315219,0.14137146876952342,16,1.7050539260269288,0.02715581955282941,0.0028708753481954683,6,0.7627622080115675,500,PRUNED
10,0.2307850569486618,2026-05-15 12:50:08.336452,2026-05-15 12:50:08.536327,0 days 00:00:00.199875,0.07374575454421947,128,1.058315350587586,0.001154460820484614,0.00010862348973937149,3,0.8895982437149503,2500,PRUNED
11,0.003179773921146989,2026-05-15 12:50:08.542847,2026-05-15 12:50:48.191971,0 days 00:00:39.649124,0.04513514235331549,96,3.0208778601692803,6.278871663391087,0.007791470666172783,4,0.34304891675229365,2500,COMPLETE
12,0.008821590803563595,2026-05-15 12:50:48.201985,2026-05-15 12:51:14.845694,0 days 00:00:26.643709,0.0423584446993113,96,20.20051308295781,1.2990132253334292,0.008731481958021156,5,0.7748815993499715,5000,COMPLETE
13,0.0022370924707502127,2026-05-15 12:51:14.857359,2026-05-15 12:51:38.994975,0 days 00:00:24.137616,0.0012199113928081928,48,1.0243918246367023,0.056561467651267544,0.0020223648114944875,5,0.6085337539039134,3500,COMPLETE
14,0.08349086344242096,2026-05-15 12:51:39.010300,2026-05-15 12:51:40.032648,0 days 00:00:01.022348,0.06549563819737138,80,1.0077021831726773,0.005508571077477059,0.0016755693348856548,5,0.5867104829366274,3000,PRUNED
15,0.13828937709331512,2026-05-15 12:51:40.039731,2026-05-15 12:51:40.338577,0 days 00:00:00.298846,0.11839114126534654,128,1.5118886793651602,0.06957771473202023,0.0005617808565792004,5,0.753853691325427,4000,PRUNED
16,0.1748894900083542,2026-05-15 12:51:40.344781,2026-05-15 12:51:40.554563,0 days 00:00:00.209782,0.00743517445329157,64,3.5487979502479883,0.055196667219298785,0.0021467908966185554,3,0.6655559737263075,2000,PRUNED
17,0.36635828018188477,2026-05-15 12:51:40.561709,2026-05-15 12:51:40.847007,0 days 00:00:00.285298,0.0005774906735975375,96,15.822739892352544,0.004118464327425741,0.00018349999083829086,5,0.8312696718297345,3500,PRUNED
18,0.4629380404949188,2026-05-15 12:51:40.854651,2026-05-15 12:51:41.078171,0 days 00:00:00.223520,0.10536509745625804,32,39.17034330357436,0.0048726536372756205,0.000943988713905609,3,0.5983777053004371,2000,PRUNED
19,0.0032188883051276207,2026-05-15 12:51:41.084614,2026-05-15 12:52:11.338469,0 days 00:00:30.253855,0.06080706717698318,112,1.5147749198726173,0.15206341703041568,0.006387255624731285,6,0.7177618458882215,3000,COMPLETE
20,0.2356286495923996,2026-05-15 12:52:11.353056,2026-05-15 12:52:11.600727,0 days 00:00:00.247671,0.026989485964110455,64,4.377909918285812,0.03315170987793583,0.0008284554095422222,5,0.8150479274466733,2000,PRUNED
21,0.13763976097106934,2026-05-15 12:52:11.607259,2026-05-15 12:52:11.834558,0 days 00:00:00.227299,0.02627869330225126,48,2.4064231730927483,8.40775592844868,0.00440783929441981,4,0.41992688044612775,5000,PRUNED
22,0.15029995143413544,2026-05-15 12:52:11.840931,2026-05-15 12:52:12.074285,0 days 00:00:00.233354,0.02542876840177448,32,2.194660820738537,0.8813985910837595,0.0025605032313631743,4,0.32571119234627743,4000,PRUNED
23,0.1293007731437683,2026-05-15 12:52:12.080408,2026-05-15 12:52:12.306110,0 days 00:00:00.225702,0.021134208211948086,32,1.3109242906847547,2.751491510053253,0.009801722438995209,4,0.526740156956822,4500,PRUNED
24,0.07845859229564667,2026-05-15 12:52:12.312950,2026-05-15 12:52:13.201849,0 days 00:00:00.888899,0.052858536003744336,48,2.8561345988286804,0.007932630287891663,0.004398353687537497,5,0.5542288610460648,4000,PRUNED
25,0.116996631026268,2026-05-15 12:52:13.208101,2026-05-15 12:52:13.426692,0 days 00:00:00.218591,0.019863669229321836,64,6.729339151089929,0.4241689190629601,0.005373068697328545,3,0.6382165966372345,3500,PRUNED
26,0.12008586525917053,2026-05-15 12:52:13.433714,2026-05-15 12:52:13.693712,0 days 00:00:00.259998,0.03703556025520456,80,1.9008431411207363,0.12829176679078838,0.001622433203696774,5,0.7110140797133955,4500,PRUNED
27,0.2631300687789917,2026-05-15 12:52:13.701158,2026-05-15 12:52:13.915864,0 days 00:00:00.214706,0.013070568756550943,32,3.500913287595699,0.0021454709998875976,0.003109309913027891,4,0.3005147598309268,1500,PRUNED
28,0.11971580237150192,2026-05-15 12:52:13.923023,2026-05-15 12:52:14.207960,0 days 00:00:00.284937,0.07974065440590347,48,1.2678161115668614,0.009644957300469933,0.002253791638238957,6,0.37993692893740527,5000,PRUNED
29,0.4166297912597656,2026-05-15 12:52:14.215496,2026-05-15 12:52:14.483769,0 days 00:00:00.268273,0.136693601389005,48,21.213646569067123,0.057802398775783886,0.001316911656555445,6,0.4806367837584611,1500,PRUNED
30,0.13263580203056335,2026-05-15 12:52:14.490806,2026-05-15 12:52:14.729468,0 days 00:00:00.238662,0.09286670933299376,80,10.446356731526294,0.002904786421783053,0.005054338741109781,5,0.37882783646402013,1000,PRUNED
31,0.14071428775787354,2026-05-15 12:52:14.736759,2026-05-15 12:52:14.955932,0 days 00:00:00.219173,0.05342773535131338,96,3.1301392058163224,8.444426365891013,0.007752475977328219,4,0.34457490738718893,2500,PRUNED
32,0.0026898044161498547,2026-05-15 12:52:14.963596,2026-05-15 12:52:56.231027,0 days 00:00:41.267431,0.03444525222630106,112,4.083011637089592,4.119698787438647,0.009949436743809513,4,0.42960962196688374,3000,COMPLETE
33,0.10947977006435394,2026-05-15 12:52:56.239810,2026-05-15 12:52:56.490484,0 days 00:00:00.250674,0.0002460533821064632,112,4.365587249496697,3.7227811654174743,0.006130702268202698,4,0.44174114289008104,3000,PRUNED
34,0.10730700939893723,2026-05-15 12:52:56.497671,2026-05-15 12:52:56.715600,0 days 00:00:00.217929,0.16978673854293286,112,7.150692938955941,1.4521803399744397,0.009931008991483732,3,0.40936417555309335,3500,PRUNED
35,0.10898227244615555,2026-05-15 12:52:56.723314,2026-05-15 12:52:56.965469,0 days 00:00:00.242155,0.03450084357547187,64,2.12839219751569,5.053133899950163,0.003566867263481904,5,0.4900537451586229,3000,PRUNED
36,0.002365229418501258,2026-05-15 12:52:56.974685,2026-05-15 12:53:20.469880,0 days 00:00:23.495195,0.015581599159762649,64,2.4995576833490367,0.5938131829412322,0.0067953437161007045,4,0.36254147242667906,4000,COMPLETE
37,0.09654201567173004,2026-05-15 12:53:20.484678,2026-05-15 12:53:20.950473,0 days 00:00:00.465795,0.013925636216849701,64,2.4651130146812434,0.4109542907444587,0.0019093150747627823,5,0.7160092476621733,4500,PRUNED
38,0.1113625094294548,2026-05-15 12:53:20.957992,2026-05-15 12:53:21.362069,0 days 00:00:00.404077,0.01703271316758076,48,5.952720904985866,0.2529519223160481,0.0037123713079667804,4,0.6399603762918951,4000,PRUNED
39,0.0021790452301502228,2026-05-15 12:53:21.368580,2026-05-15 12:53:40.553127,0 days 00:00:19.184547,0.001147916468724372,80,1.3014938106053302,0.7459203295160153,0.005857131061110801,4,0.372565790028775,4500,COMPLETE
40,0.002188396640121937,2026-05-15 12:53:40.570643,2026-05-15 12:54:03.188061,0 days 00:00:22.617418,0.0007635777943726589,80,1.2363647937796463,0.6842918626953054,0.006990117399255659,3,0.5129494714919167,4500,COMPLETE
41,0.11377624422311783,2026-05-15 12:54:03.201185,2026-05-15 12:54:03.367548,0 days 00:00:00.166363,0.002425752649561926,80,1.2406999618027226,0.657097454898474,0.006332702574696412,2,0.4660662612174479,4500,PRUNED
42,0.0022767819464206696,2026-05-15 12:54:03.375587,2026-05-15 12:54:25.671940,0 days 00:00:22.296353,0.00557806092228994,80,1.6790692474672815,0.7229835234036595,0.0067950238068245124,3,0.5292079517594794,4000,COMPLETE
43,0.0021949945949018,2026-05-15 12:54:25.681849,2026-05-15 12:54:51.708748,0 days 00:00:26.026899,0.011209660995336693,80,1.6035694510932348,0.7386903413649231,0.005159063963046226,3,0.5504222268484195,4000,COMPLETE
44,0.1039864718914032,2026-05-15 12:54:51.724416,2026-05-15 12:54:51.903224,0 days 00:00:00.178808,0.009794725927709177,80,1.5830185892337343,0.20581043542907504,0.0053231630609996234,2,0.5629879335520551,4500,PRUNED
45,0.13315996527671814,2026-05-15 12:54:51.909883,2026-05-15 12:54:52.109902,0 days 00:00:00.200019,0.0012502296286052133,96,1.0078778709614742,1.9840538339525513,0.0032145398240499843,3,0.5175431540962366,4000,PRUNED
46,0.10284260660409927,2026-05-15 12:54:52.116416,2026-05-15 12:54:52.326533,0 days 00:00:00.210117,0.04752412639010776,80,1.8526230368869192,0.9035718088679342,0.004837392107142874,3,0.6277200719849889,3500,PRUNED
47,0.1688377857208252,2026-05-15 12:54:52.333082,2026-05-15 12:54:52.522484,0 days 00:00:00.189402,0.011076319054903357,96,97.41006954424007,0.4018834458401463,0.007798777112896782,3,0.5637492525779262,4500,PRUNED
48,0.11967591941356659,2026-05-15 12:54:52.528704,2026-05-15 12:54:52.686763,0 days 00:00:00.158059,0.18200800751815627,80,1.2448492018963355,0.8472095709273872,0.0074551793595986505,2,0.505197621551059,5000,PRUNED
49,0.14163683354854584,2026-05-15 12:54:52.693107,2026-05-15 12:54:52.884824,0 days 00:00:00.191717,0.033102078397089285,80,1.7218573806211315,0.10186153323973837,0.001302519286633214,3,0.6152722646541244,4000,PRUNED
50,0.1310550719499588,2026-05-15 12:54:52.890904,2026-05-15 12:54:53.085739,0 days 00:00:00.194835,0.007922656396411085,96,1.4278197859168251,1.8535552381548752,0.002608573493869712,3,0.5787697122462567,3500,PRUNED
51,0.0023594871163368225,2026-05-15 12:54:53.091906,2026-05-15 12:55:20.710291,0 days 00:00:27.618385,0.01856507195243274,64,1.0735618162141982,0.6018271189588477,0.006149949985555842,3,0.5409614250804621,4000,COMPLETE
52,0.0025772307999432087,2026-05-15 12:55:20.726111,2026-05-15 12:55:43.337992,0 days 00:00:22.611881,0.020658487043737177,64,1.1254659653309425,0.3420227829012247,0.005917588064262779,3,0.6094653364516905,4000,COMPLETE
53,0.10586608946323395,2026-05-15 12:55:43.349520,2026-05-15 12:55:43.529438,0 days 00:00:00.179918,0.009480143073499462,80,1.0083508577650129,0.1869714190103703,0.003907014958014942,2,0.5318653930089692,4500,PRUNED
54,0.10794296115636826,2026-05-15 12:55:43.535749,2026-05-15 12:55:43.728613,0 days 00:00:00.192864,0.02819798002395138,64,1.477616743431897,1.3040418932520979,0.007962367174247989,3,0.6753716375455955,4000,PRUNED
55,0.20784933865070343,2026-05-15 12:55:43.735302,2026-05-15 12:55:43.928515,0 days 00:00:00.193213,0.019318363116365395,80,1.918382449306453,0.033805103090799656,0.0007077022247016294,3,0.5515030272694651,3500,PRUNED
56,0.12044598162174225,2026-05-15 12:55:43.936390,2026-05-15 12:55:44.097703,0 days 00:00:00.161313,0.0035964613866217173,64,1.291682590056349,0.623123975911466,0.004717839081501674,2,0.46305451900408057,4500,PRUNED
57,0.18617087602615356,2026-05-15 12:55:44.105094,2026-05-15 12:55:44.295794,0 days 00:00:00.190700,0.04495859389313886,96,1.6710341523283034,0.2920759600455,0.00022903292890144987,3,0.49967237270785153,5000,PRUNED
58,0.13428044319152832,2026-05-15 12:55:44.303812,2026-05-15 12:55:44.499993,0 days 00:00:00.196181,0.027904824177040616,48,1.1802869303695105,2.706555126670211,0.005708752993275869,3,0.5785400754606427,4000,PRUNED
59,0.24525411427021027,2026-05-15 12:55:44.507815,2026-05-15 12:55:44.661610,0 days 00:00:00.153795,0.12339961509771852,64,13.169581875530646,0.08496718215669256,0.002939505385514653,2,0.5470424090922493,3500,PRUNED
60,0.002412124304100871,2026-05-15 12:55:44.668812,2026-05-15 12:56:04.678548,0 days 00:00:20.009736,0.009045871729393574,80,2.016820251129787,0.9885246716424039,0.008876640803317903,3,0.6849063414811106,4500,COMPLETE
61,0.0021804869174957275,2026-05-15 12:56:04.692834,2026-05-15 12:56:34.824833,0 days 00:00:30.131999,0.015195796764424247,64,1.4585894362505958,0.5033588851773279,0.006916770924584696,4,0.3628136435884525,4000,COMPLETE
62,0.002199425594881177,2026-05-15 12:56:34.835325,2026-05-15 12:57:01.194612,0 days 00:00:26.359287,0.022688878483624282,64,1.458387901269099,0.45348842196903544,0.006911118249410032,4,0.4023027007317813,4000,COMPLETE
63,0.00220520724542439,2026-05-15 12:57:01.209655,2026-05-15 12:57:27.127385,0 days 00:00:25.917730,0.006732571648338522,64,1.4464387235042153,0.48135447864389164,0.006983258942144892,4,0.3982952428393298,4500,COMPLETE
64,0.02026604302227497,2026-05-15 12:57:27.140085,2026-05-15 12:57:28.997876,0 days 00:00:01.857791,0.024604317517260842,48,1.3844129756297783,0.45959384585384416,0.008540853052131302,4,0.378513663140537,5000,PRUNED
65,0.1974547952413559,2026-05-15 12:57:29.004722,2026-05-15 12:57:29.267179,0 days 00:00:00.262457,0.00017483155377577737,64,39.21803581836193,0.13875781493615344,0.004198386767420339,4,0.4043648597950481,4500,PRUNED
66,0.10395175963640213,2026-05-15 12:57:29.273904,2026-05-15 12:57:29.533389,0 days 00:00:00.259485,0.03888257530607362,48,1.3895135726072074,0.04437603381986363,0.007075900573374162,4,0.317389138373917,4500,PRUNED
67,0.10816747695207596,2026-05-15 12:57:29.540965,2026-05-15 12:57:29.782789,0 days 00:00:00.241824,0.013148845728643839,32,2.2125748012703594,1.1310765988782119,0.004633494175916489,4,0.36004001674656805,4500,PRUNED
68,0.0022266923915594816,2026-05-15 12:57:29.789044,2026-05-15 12:58:01.099668,0 days 00:00:31.310624,0.022967770653283526,64,1.1603073378204778,0.021619677076707568,0.00545246008716353,4,0.43931997707373127,5000,COMPLETE
69,0.08677157014608383,2026-05-15 12:58:01.112867,2026-05-15 12:58:01.539995,0 days 00:00:00.427128,0.06022928214715366,64,8.51526033548726,0.015751962546312753,0.008789098749477099,4,0.44250586099374023,5000,PRUNED
70,0.10793840140104294,2026-05-15 12:58:01.546977,2026-05-15 12:58:01.768544,0 days 00:00:00.221567,0.03181668581669688,64,2.755958229816795,0.2921835685458895,0.005272099897120776,4,0.3979132885214805,5000,PRUNED
71,0.08364159613847733,2026-05-15 12:58:01.775917,2026-05-15 12:58:02.205869,0 days 00:00:00.429952,0.022873467547590655,80,1.1388718506497406,0.022094814937509834,0.003287614979966481,4,0.4275078576594566,4500,PRUNED
72,0.10241437703371048,2026-05-15 12:58:02.213033,2026-05-15 12:58:02.449883,0 days 00:00:00.236850,0.01521462436715855,48,1.553420786788432,0.09847024037702222,0.007048778116456047,4,0.33110682901915994,5000,PRUNED
73,0.10591902583837509,2026-05-15 12:58:02.455948,2026-05-15 12:58:02.709688,0 days 00:00:00.253740,0.006376680939878917,64,1.7670670794719212,0.009655214876410937,0.005606523035381995,4,0.36898245995794826,4000,PRUNED
74,0.10562387108802795,2026-05-15 12:58:02.716654,2026-05-15 12:58:02.976570,0 days 00:00:00.259916,0.014517183766407912,80,1.1470797041235237,1.50545094841407,0.004142707322341733,5,0.4153964231189262,4000,PRUNED
75,0.08881805092096329,2026-05-15 12:58:02.983585,2026-05-15 12:58:03.398557,0 days 00:00:00.414972,0.04063342245021988,64,1.4358070685225393,0.49109442245880347,0.0023454912494397075,4,0.44108063494958133,5000,PRUNED
76,0.002287383424118161,2026-05-15 12:58:03.406017,2026-05-15 12:58:16.362062,0 days 00:00:12.956045,3.8190988075026975e-05,80,2.0880851909003013,0.051289621050876,0.008876901436169407,4,0.35147276312516834,3500,COMPLETE
77,0.1005251556634903,2026-05-15 12:58:16.376354,2026-05-15 12:58:16.669775,0 days 00:00:00.293421,0.029594169683747316,48,1.003231398545599,0.16462946189195327,0.004880519466455734,5,0.475492712623539,4500,PRUNED
78,0.14571213722229004,2026-05-15 12:58:16.678874,2026-05-15 12:58:16.961481,0 days 00:00:00.282607,0.022997626639704526,64,1.2984043528501255,0.020952047782026893,0.006565695425026398,6,0.39245224557142366,4500,PRUNED
79,0.10411436855792999,2026-05-15 12:58:16.974053,2026-05-15 12:58:17.196543,0 days 00:00:00.222490,0.00833867694124251,96,2.5815756214275094,0.24363210179946804,0.0019092530441120984,4,0.45281681207279095,4000,PRUNED
80,0.18040485680103302,2026-05-15 12:58:17.202753,2026-05-15 12:58:17.443868,0 days 00:00:00.241115,0.07518059222152516,48,3.080928172671478,0.7773232560221904,0.00043588680841034417,5,0.39457960290105154,3500,PRUNED
81,0.0022085963282734156,2026-05-15 12:58:17.450195,2026-05-15 12:58:40.338308,0 days 00:00:22.888113,0.005069958300439015,80,1.6510082163238846,0.35994691727814426,0.007121610307599878,4,0.5058267831776556,4000,COMPLETE
82,0.0021949762012809515,2026-05-15 12:58:40.352029,2026-05-15 12:59:07.349107,0 days 00:00:26.997078,0.00454659590713789,80,1.5003370475324032,0.38019929015383946,0.007645243653264144,4,0.5152458280193315,4000,COMPLETE
83,0.002162927994504571,2026-05-15 12:59:07.363318,2026-05-15 12:59:31.648284,0 days 00:00:24.284966,0.006042132926378006,80,1.809567945969536,0.34165397247415286,0.00738473519695991,4,0.5073365265532214,4000,COMPLETE
84,0.002229600679129362,2026-05-15 12:59:31.667403,2026-05-15 12:59:56.554353,0 days 00:00:24.886950,0.005351334247130307,80,1.8349117770022076,0.3302884335757707,0.00796765242460635,4,0.5164444474987407,4000,COMPLETE
85,0.002266754861921072,2026-05-15 12:59:56.570854,2026-05-15 13:00:23.255354,0 days 00:00:26.684500,0.012399482292210953,80,1.5500426023778864,0.5096586376972654,0.009980419859601719,4,0.49042177573054563,4000,COMPLETE
86,0.11125356703996658,2026-05-15 13:00:23.267793,2026-05-15 13:00:23.512820,0 days 00:00:00.245027,0.017250432207020588,96,2.288469765369223,0.35570899987758453,0.007103148120640866,4,0.3006765898501546,4000,PRUNED
87,0.04680220037698746,2026-05-15 13:00:23.519019,2026-05-15 13:00:24.096981,0 days 00:00:00.577962,0.007164336794979511,80,2.008250379983218,0.22139222122667285,0.0061180238245606275,4,0.5093967411214793,3500,PRUNED
88,0.10083852708339691,2026-05-15 13:00:24.105742,2026-05-15 13:00:24.351463,0 days 00:00:00.245721,0.004827285739647268,80,3.6088673113030105,1.0619618997081701,0.008270799093919446,4,0.5957263744652797,4500,PRUNED
89,0.1073753833770752,2026-05-15 13:00:24.360548,2026-05-15 13:00:24.596024,0 days 00:00:00.235476,0.10030619240124013,80,1.6469346307783486,0.7430356650961584,0.007471651658637708,4,0.4842072634471044,4000,PRUNED
90,0.11125504970550537,2026-05-15 13:00:24.603557,2026-05-15 13:00:24.838507,0 days 00:00:00.234950,0.15315857785872494,96,1.3993742262617375,0.5417809214046351,0.009188486679625059,4,0.5652441627699083,4000,PRUNED
91,0.04887997359037399,2026-05-15 13:00:24.846326,2026-05-15 13:00:25.399221,0 days 00:00:00.552895,0.019367551646088464,64,1.2166741071796097,0.40312166595963933,0.005574926094204884,4,0.46057993898856736,4500,PRUNED
92,0.10814214497804642,2026-05-15 13:00:25.405732,2026-05-15 13:00:25.628730,0 days 00:00:00.222998,0.012415672838444022,80,1.7934267322751574,0.6672589563100173,0.0064850975706552275,4,0.42421686416758714,4500,PRUNED
93,0.11616643518209457,2026-05-15 13:00:25.634833,2026-05-15 13:00:25.856964,0 days 00:00:00.222131,0.02381767454718559,64,1.5881551993316545,0.18811368569386278,0.00519956984703523,4,0.38409229141766676,4000,PRUNED
94,0.10390554368495941,2026-05-15 13:00:25.863585,2026-05-15 13:00:26.085386,0 days 00:00:00.221801,0.0055483042888272854,80,1.1334967134044847,0.2959586753081638,0.004396696561937034,4,0.3329548429204845,4500,PRUNED
95,0.09881994873285294,2026-05-15 13:00:26.091527,2026-05-15 13:00:26.307871,0 days 00:00:00.216344,0.01764354312209157,64,1.31030046740938,0.8755267050706611,0.0061209776142932696,4,0.49899968374000675,5000,PRUNED
96,0.007064283825457096,2026-05-15 13:00:26.314098,2026-05-15 13:00:32.496212,0 days 00:00:06.182114,0.01195971911291617,80,1.4991623689995186,0.4014907144322457,0.007502520664040638,4,0.5234435067071233,3500,PRUNED
97,0.11144260317087173,2026-05-15 13:00:32.505120,2026-05-15 13:00:32.775223,0 days 00:00:00.270103,0.002635783939288065,80,21.539622856634974,0.5448901993227546,0.0038461573067958684,4,0.5366674036843868,4000,PRUNED
98,0.15798965096473694,2026-05-15 13:00:32.782964,2026-05-15 13:00:33.029908,0 days 00:00:00.246944,0.025957247328564116,64,1.9919498741605053,1.7103155631301712,0.00027677717157907947,4,0.4699017318714537,4500,PRUNED
99,0.0983411893248558,2026-05-15 13:00:33.036779,2026-05-15 13:00:33.228590,0 days 00:00:00.191811,0.010016183939797915,80,1.2217295607326324,1.2488340930534907,0.0065828060084209125,3,0.44462362290601837,2500,PRUNED
100,0.07321805506944656,2026-05-15 13:00:33.235403,2026-05-15 13:00:33.620103,0 days 00:00:00.384700,0.036765476440473226,64,2.348190335364415,0.44747476261669306,0.005711918463211785,4,0.41356264976978174,4000,PRUNED
101,0.0022097090259194374,2026-05-15 13:00:33.627221,2026-05-15 13:01:01.174692,0 days 00:00:27.547471,0.004003154283050707,80,1.8233462096750668,0.3194120850559859,0.00821969682985758,4,0.515648379072076,4000,COMPLETE
102,0.0976426750421524,2026-05-15 13:01:01.188500,2026-05-15 13:01:01.438159,0 days 00:00:00.249659,0.015526320099991012,80,1.81604706416235,0.2534815984227863,0.008428627581728165,4,0.49571863538871996,3500,PRUNED
103,0.18489599227905273,2026-05-15 13:01:01.446113,2026-05-15 13:01:01.694802,0 days 00:00:00.248689,0.0006324110687772342,80,1.3661882584009055,0.352703338586763,0.0001004425122079089,4,0.36824934055753566,4000,PRUNED
104,0.10650951415300369,2026-05-15 13:01:01.702998,2026-05-15 13:01:01.918878,0 days 00:00:00.215880,0.0052336701816575616,96,1.6553664874783263,0.6374436880471626,0.007163010533210559,4,0.5141309701451326,4000,PRUNED
105,0.09745714068412781,2026-05-15 13:01:01.926268,2026-05-15 13:01:02.140864,0 days 00:00:00.214596,0.02129260835507512,80,1.086168043837017,0.11990275887816748,0.00952216109263055,4,0.5455082468559155,1000,PRUNED
106,0.1395130455493927,2026-05-15 13:01:02.148739,2026-05-15 13:01:02.337040,0 days 00:00:00.188301,0.19982139204939345,64,1.4742939939924955,2.342594699306927,0.007973449129753176,3,0.47776581183606476,4500,PRUNED
107,0.10256615281105042,2026-05-15 13:01:02.344379,2026-05-15 13:01:02.556081,0 days 00:00:00.211702,0.01010949882281098,80,2.178960341856731,1.0133855972121726,0.004884633872041278,4,0.5759055399781159,3000,PRUNED
108,0.09757907688617706,2026-05-15 13:01:02.563388,2026-05-15 13:01:02.776038,0 days 00:00:00.212650,0.03166519940698016,96,1.2884887487906218,0.17557603931290508,0.006839693031660292,4,0.35302944304270995,5000,PRUNED
109,0.04722876474261284,2026-05-15 13:01:02.783004,2026-05-15 13:01:03.277275,0 days 00:00:00.494271,0.0037818222675373033,64,1.9300409018194509,0.7316204733826794,0.005795754615862957,3,0.433296062604189,3500,PRUNED
110,0.09880740195512772,2026-05-15 13:01:03.283883,2026-05-15 13:01:03.498721,0 days 00:00:00.214838,0.016413261590698582,80,2.7782921609107993,0.21754941047408066,0.009116887967209721,4,0.5570930112600103,4000,PRUNED
111,0.002147157210856676,2026-05-15 13:01:03.504861,2026-05-15 13:01:27.549396,0 days 00:00:24.044535,0.0064911377923804504,80,1.8051453434663582,0.36231412739965607,0.007897486465044498,4,0.51949644281213,4000,COMPLETE
112,0.0022792965173721313,2026-05-15 13:01:27.566773,2026-05-15 13:01:49.084749,0 days 00:00:21.517976,0.008059172264309798,80,1.6277658466386233,0.47837090205593386,0.007961719136648055,4,0.5265333149777773,4000,COMPLETE
113,0.10269704461097717,2026-05-15 13:01:49.096477,2026-05-15 13:01:49.364279,0 days 00:00:00.267802,0.00035859920099492147,80,1.1846971146275493,0.3039099511765942,0.00519995553248938,4,0.5088956165432297,4500,PRUNED
114,0.047632284462451935,2026-05-15 13:01:49.372853,2026-05-15 13:01:50.049471,0 days 00:00:00.676618,0.010625819403951773,64,1.7506890271377278,0.3853605593075506,0.006343062798760515,4,0.8991842186365702,4000,PRUNED
115,0.10256335884332657,2026-05-15 13:01:50.056604,2026-05-15 13:01:50.327682,0 days 00:00:00.271078,0.014167683129356484,80,1.4927797707236412,0.5561403501728223,0.0072607358210223715,4,0.5391586289999935,4500,PRUNED
116,0.09972478449344635,2026-05-15 13:01:50.333751,2026-05-15 13:01:50.555954,0 days 00:00:00.222203,0.0210255265124825,64,5.076395613048922,0.8461887322941697,0.004450120894501704,4,0.45612924111076547,3500,PRUNED
117,0.19374394416809082,2026-05-15 13:01:50.562307,2026-05-15 13:01:50.805291,0 days 00:00:00.242984,0.004721694675292021,80,1.3489555963790727,0.24540689481430045,0.000129581765882575,5,0.48241261128665175,4000,PRUNED
118,0.05021015927195549,2026-05-15 13:01:50.811453,2026-05-15 13:01:51.386050,0 days 00:00:00.574597,0.02718397646372739,80,2.4856376912110627,0.0010313231675792324,0.008252707977207004,4,0.5245267216453162,4500,PRUNED
119,0.038674745708703995,2026-05-15 13:01:51.392359,2026-05-15 13:01:52.144563,0 days 00:00:00.752204,0.018257194875188627,64,1.078137864900369,0.4599846839990492,0.005984074757619231,4,0.4033112203815897,2000,PRUNED
120,0.08090440928936005,2026-05-15 13:01:52.152426,2026-05-15 13:01:52.483883,0 days 00:00:00.331457,0.11428410023969737,80,2.0780477012500556,0.0015885292920641142,0.0067749576033784165,3,0.3822225976560274,4000,PRUNED
121,0.002184821292757988,2026-05-15 13:01:52.491879,2026-05-15 13:02:14.095459,0 days 00:00:21.603580,0.005723382542944461,80,1.8272037312453413,0.34232934794536507,0.007608238238270457,4,0.5100835435833562,4000,COMPLETE
122,0.03699328750371933,2026-05-15 13:02:14.109027,2026-05-15 13:02:14.873596,0 days 00:00:00.764569,0.008951371225902468,80,1.7158376770655337,0.3300648936374645,0.008934658425553889,4,0.48689687128824943,4000,PRUNED
123,0.06784132868051529,2026-05-15 13:02:14.881979,2026-05-15 13:02:15.403612,0 days 00:00:00.521633,5.323175496331142e-05,96,1.8841935610544358,0.6615537683737286,0.007426583117519598,4,0.49692047088021984,4000,PRUNED
124,0.07054566591978073,2026-05-15 13:02:15.410879,2026-05-15 13:02:15.803942,0 days 00:00:00.393063,0.013374769939778576,80,1.5236421564136424,0.14295601034217437,0.005601538128793868,4,0.5156927447213502,4000,PRUNED
125,0.1171688660979271,2026-05-15 13:02:15.810315,2026-05-15 13:02:16.029839,0 days 00:00:00.219524,0.08644444382400246,80,1.3868628241132304,0.2708426497065378,0.006462738818456127,4,0.5358757812771796,4500,PRUNED
126,0.0023248340003192425,2026-05-15 13:02:16.035958,2026-05-15 13:02:38.970808,0 days 00:00:22.934850,0.006002846088465361,64,1.213601858468838,0.5442567944859935,0.009777820461226525,4,0.5068812151815507,4000,COMPLETE
127,0.0022674882784485817,2026-05-15 13:02:38.984888,2026-05-15 13:03:00.154226,0 days 00:00:21.169338,0.003707690658867374,80,2.256712105186098,0.38772142629567413,0.007700965068659515,4,0.5693961503315123,5000,COMPLETE
128,0.10854049772024155,2026-05-15 13:03:00.171597,2026-05-15 13:03:00.433431,0 days 00:00:00.261834,0.00800783054420956,96,1.6447999314586057,0.8093180448379902,0.008460974536276079,4,0.555277829215411,3500,PRUNED
129,0.12207482010126114,2026-05-15 13:03:00.442062,2026-05-15 13:03:00.681744,0 days 00:00:00.239682,0.01294353978402762,64,24.495977876756534,0.2012533935840136,0.00511814352209761,4,0.5920376654303565,4500,PRUNED
130,0.14542558789253235,2026-05-15 13:03:00.691064,2026-05-15 13:03:00.883902,0 days 00:00:00.192838,0.024001794402322696,80,1.3060191099847007,0.45781098397286174,0.0006269253604207139,3,0.46765360059108035,4000,PRUNED
131,0.05053648725152016,2026-05-15 13:03:00.891940,2026-05-15 13:03:01.452232,0 days 00:00:00.560292,0.0035746772681837526,80,1.8182614298711055,0.3291361456648493,0.007876581509871009,4,0.5175842103446224,4000,PRUNED
132,0.09512023627758026,2026-05-15 13:03:01.458524,2026-05-15 13:03:01.674909,0 days 00:00:00.216385,0.006569717607977796,80,1.9363825215976247,0.29609883793594677,0.00694582550737201,4,0.5024229015621317,4000,PRUNED
133,0.10712150484323502,2026-05-15 13:03:01.681219,2026-05-15 13:03:01.899363,0 days 00:00:00.218144,0.016745159633844313,80,1.4705270250914908,0.567964285634167,0.006262784981012016,4,0.3743234699576117,4000,PRUNED
134,0.04758157208561897,2026-05-15 13:03:01.905785,2026-05-15 13:03:02.502380,0 days 00:00:00.596595,0.0108707675415768,80,1.7716489912124889,0.34940690714143086,0.008539116551455325,4,0.3895407953827899,3500,PRUNED
135,0.10150156915187836,2026-05-15 13:03:02.508675,2026-05-15 13:03:02.772960,0 days 00:00:00.264285,0.00014582463143120324,80,1.560706713353711,1.0119646828609754,0.007445245210920014,4,0.529426712689655,4000,PRUNED
136,0.11210862547159195,2026-05-15 13:03:02.779374,2026-05-15 13:03:03.058616,0 days 00:00:00.279242,0.004799067053816297,64,1.006388775507287,0.6373418393587499,0.0012677580589963002,4,0.33831557338644663,4500,PRUNED
137,0.10540126264095306,2026-05-15 13:03:03.064918,2026-05-15 13:03:03.333559,0 days 00:00:00.268641,0.021222089807047866,80,2.0804767283011216,1.4141048531678093,0.005508734534043118,4,0.8501711087116852,4000,PRUNED
138,0.002194737084209919,2026-05-15 13:03:03.340304,2026-05-15 13:03:27.244872,0 days 00:00:23.904568,0.010318162510338336,64,1.1379049596944344,0.4333968034357917,0.009250734155031875,4,0.31812508561780806,4000,COMPLETE
139,0.016243739053606987,2026-05-15 13:03:27.259610,2026-05-15 13:03:28.959010,0 days 00:00:01.699400,0.01338143747743294,64,1.142308522813591,0.43644350388142006,0.009095368212027907,4,0.4147097478678775,4500,PRUNED
140,0.020355626940727234,2026-05-15 13:03:28.967538,2026-05-15 13:03:30.443227,0 days 00:00:01.475689,0.01867110102087305,64,1.2898267981275635,0.740294546693324,0.009883822066209807,4,0.316102770947595,3500,PRUNED
141,0.0021712114103138447,2026-05-15 13:03:30.450290,2026-05-15 13:03:54.803083,0 days 00:00:24.352793,0.00803376630562626,64,1.0973711752045312,0.2407847267256144,0.008044359946586303,4,0.35926293379478547,4000,COMPLETE
142,0.02683061733841896,2026-05-15 13:03:54.816861,2026-05-15 13:03:55.921812,0 days 00:00:01.104951,0.009167055532802525,64,1.1346619626722885,0.23204353073907086,0.006630340565241422,4,0.359689486387591,4000,PRUNED
143,0.02759958617389202,2026-05-15 13:03:55.928293,2026-05-15 13:03:57.100669,0 days 00:00:01.172376,0.01546072295019559,64,1.4143636924903353,0.5210638651448664,0.007256300011123976,4,0.341804029499532,4000,PRUNED
144,0.00547664612531662,2026-05-15 13:03:57.108152,2026-05-15 13:04:09.638841,0 days 00:00:12.530689,0.009983455433632146,64,1.1972660047217223,0.0033283755744027087,0.008114159149769656,4,0.3157607611299585,4000,PRUNED
145,0.10268436372280121,2026-05-15 13:04:09.647038,2026-05-15 13:04:09.915583,0 days 00:00:00.268545,0.0043829472622110895,64,1.0936438975572418,0.07444397174940134,0.005982734806284524,4,0.34961301736366956,4000,PRUNED
146,0.002218938898295164,2026-05-15 13:04:09.921906,2026-05-15 13:04:28.747321,0 days 00:00:18.825415,0.008380912520724123,64,1.3505236838760548,0.2753967270299001,0.009071899594270485,4,0.361711824523085,5000,COMPLETE
147,0.007937326095998287,2026-05-15 13:04:28.762038,2026-05-15 13:04:31.694452,0 days 00:00:02.932414,0.007253569666118439,64,1.5952491493358878,0.2775689863158665,0.009174327922320884,4,0.32652265628369215,4000,PRUNED
148,0.0024703661911189556,2026-05-15 13:04:31.701195,2026-05-15 13:04:49.145436,0 days 00:00:17.444241,0.0022134895679368173,64,1.3859142273457488,0.40440722740001817,0.00855712318063454,4,0.3617171262610278,4500,COMPLETE
149,0.09613817185163498,2026-05-15 13:04:49.160705,2026-05-15 13:04:49.436958,0 days 00:00:00.276253,0.011876931004406064,80,1.4709770054413616,0.18688788335605183,0.00772282979300268,4,0.30516116651474856,500,PRUNED
150,0.10468740016222,2026-05-15 13:04:49.443436,2026-05-15 13:04:49.646058,0 days 00:00:00.202622,0.01497474912330635,128,1.2599674487797374,0.3863544558611519,0.006831129379772372,3,0.36694005439452027,3500,PRUNED
151,0.002147846855223179,2026-05-15 13:04:49.652378,2026-05-15 13:05:10.845270,0 days 00:00:21.192892,6.511099203374785e-05,64,1.053011912391887,0.2632342690014941,0.007365399056488505,4,0.4006576355715068,5000,COMPLETE
152,0.0023576137609779835,2026-05-15 13:05:10.859728,2026-05-15 13:05:25.274193,0 days 00:00:14.414465,0.0009329416060333716,64,1.0147980060339863,0.16117550545685141,0.009216226888071579,4,0.3950066832043516,5000,COMPLETE
153,0.02782307006418705,2026-05-15 13:05:25.286940,2026-05-15 13:05:26.228427,0 days 00:00:00.941487,0.007341722945329248,64,1.2438335098641808,0.255951630411793,0.007237895751029018,4,0.3801635204476063,5000,PRUNED
154,0.018416522070765495,2026-05-15 13:05:26.235381,2026-05-15 13:05:27.391926,0 days 00:00:01.156545,0.010039195946411878,64,1.6580235718316785,0.3247322356358952,0.009935092879309345,4,0.3473742370224022,5000,PRUNED
155,0.09750761091709137,2026-05-15 13:05:27.398854,2026-05-15 13:05:27.676759,0 days 00:00:00.277905,0.00026697284477900617,80,1.3474102991624757,0.4849027292823417,0.008428297693214555,4,0.5458895194710376,4000,PRUNED
156,0.10391954332590103,2026-05-15 13:05:27.683965,2026-05-15 13:05:27.958612,0 days 00:00:00.274647,0.004385119879425772,48,1.095924376230043,0.22506127413029822,0.0062724055564802195,4,0.4054127314093267,5000,PRUNED
157,0.04841268062591553,2026-05-15 13:05:27.968185,2026-05-15 13:05:28.666952,0 days 00:00:00.698767,0.007872705430340637,80,1.5344553436875226,0.12304810921115376,0.00775608030575183,4,0.42156393964628047,4500,PRUNED
158,0.039109449833631516,2026-05-15 13:05:28.675263,2026-05-15 13:05:29.443973,0 days 00:00:00.768710,0.017682248364674524,64,1.369244818896612,0.6301918970719723,0.006723795367995964,4,0.33012856711708927,4500,PRUNED
159,0.0978219211101532,2026-05-15 13:05:29.450144,2026-05-15 13:05:29.673484,0 days 00:00:00.223340,0.013251366198739678,80,1.707479915804632,0.34714427294564454,0.008445491996204726,4,0.3852224556425862,4000,PRUNED
160,0.0022358805872499943,2026-05-15 13:05:29.681269,2026-05-15 13:05:48.130361,0 days 00:00:18.449092,0.004468886486253911,64,1.2060602599908565,0.2708729371473227,0.007191899244240579,4,0.49052972643053633,4000,COMPLETE
161,0.11308896541595459,2026-05-15 13:05:48.142699,2026-05-15 13:05:48.405395,0 days 00:00:00.262696,0.010272717546044901,64,9.063153218541116,0.46770347369069437,0.005785885535060002,4,0.37355280437703015,5000,PRUNED
162,0.03928040340542793,2026-05-15 13:05:48.414089,2026-05-15 13:05:49.276771,0 days 00:00:00.862682,0.021318880526223178,64,1.0806723604560957,0.5690078925809526,0.006361863432730031,4,0.4006785372069179,5000,PRUNED
163,0.002207380486652255,2026-05-15 13:05:49.283400,2026-05-15 13:06:06.561551,0 days 00:00:17.278151,4.6610760570086826e-05,64,1.1916263182992108,0.3847267977694,0.004779166412539458,4,0.35572049985192944,5000,COMPLETE
164,0.1594313234090805,2026-05-15 13:06:06.575664,2026-05-15 13:06:06.845745,0 days 00:00:00.270081,0.0004933130052708658,64,67.61782205290552,0.4098379783054329,0.004998464443942658,4,0.36001334977266863,5000,PRUNED
165,0.015728332102298737,2026-05-15 13:06:06.854685,2026-05-15 13:06:08.174303,0 days 00:00:01.319618,0.006154740625421878,80,1.003506504760207,0.3020797770808707,0.007786579684422842,4,0.3387716524977566,5000,PRUNED
166,0.09430865198373795,2026-05-15 13:06:08.181629,2026-05-15 13:06:08.420262,0 days 00:00:00.238633,0.0033255616579256396,64,1.2883876039612396,0.849948120944072,0.006994129596967726,4,0.35165872963390593,4500,PRUNED
167,0.10446252673864365,2026-05-15 13:06:08.427250,2026-05-15 13:06:08.664482,0 days 00:00:00.237232,0.012480115095613049,80,11.63904965806318,0.22284983097120573,0.009005720328769408,4,0.3690404865965488,4000,PRUNED
168,0.1292945295572281,2026-05-15 13:06:08.670993,2026-05-15 13:06:08.865850,0 days 00:00:00.194857,0.007510273871591807,80,1.5052406534193778,0.36751048684971976,0.0008844580391476378,3,0.793410670721544,4500,PRUNED
169,0.10971124470233917,2026-05-15 13:06:08.873759,2026-05-15 13:06:09.095864,0 days 00:00:00.222105,0.15570502113218251,64,1.913376392519321,0.4405387179412663,0.005845215210520536,4,0.5060442172961224,4000,PRUNED
170,0.11070790141820908,2026-05-15 13:06:09.103819,2026-05-15 13:06:09.324976,0 days 00:00:00.221157,0.015626779023244965,48,1.190077365399772,0.7178999495110858,0.007999573684685218,4,0.38778947856037266,4000,PRUNED
171,0.014020311646163464,2026-05-15 13:06:09.333089,2026-05-15 13:06:11.141256,0 days 00:00:01.808167,0.0026774767170298632,64,1.1347590618870995,0.5400001208051941,0.0051793836543300885,4,0.5242027369679632,5000,PRUNED
172,0.0692581906914711,2026-05-15 13:06:11.147575,2026-05-15 13:06:11.540927,0 days 00:00:00.393352,0.01022924468567742,64,1.343363688314849,0.007275625556099471,0.004670851570481445,4,0.5391043445530663,5000,PRUNED
173,0.002188853221014142,2026-05-15 13:06:11.549137,2026-05-15 13:06:29.139999,0 days 00:00:17.590862,3.7187462653047974e-05,64,1.4517823985127616,0.3120083426804383,0.006533012816386449,4,0.4753618054128968,5000,COMPLETE
174,0.09777934849262238,2026-05-15 13:06:29.154051,2026-05-15 13:06:29.400449,0 days 00:00:00.246398,0.00487760187012436,80,1.6471101593484825,0.29826842725364916,0.006298276041974298,4,0.47731004614380945,5000,PRUNED
175,0.028832588344812393,2026-05-15 13:06:29.408221,2026-05-15 13:06:30.347972,0 days 00:00:00.939751,0.007734400077113811,64,1.4776598901353772,0.3641344334506135,0.00725733908121108,4,0.49640419211051273,5000,PRUNED
176,0.1050993800163269,2026-05-15 13:06:30.355920,2026-05-15 13:06:30.577147,0 days 00:00:00.221227,0.0010197014798013393,80,1.7332885884345453,0.24959301439497356,0.006799063104807971,4,0.5102678995010221,4000,PRUNED
177,0.015108787454664707,2026-05-15 13:06:30.583711,2026-05-15 13:06:32.096017,0 days 00:00:01.512306,0.011264824494685953,64,1.4243103154266348,0.46245952553100333,0.008677747799510435,4,0.3168895726209092,4500,PRUNED
178,0.09360580146312714,2026-05-15 13:06:32.102990,2026-05-15 13:06:32.328642,0 days 00:00:00.225652,0.00017829279777897863,80,1.255743942440439,0.32072567974626626,0.007659795100969291,4,0.517228186930758,4000,PRUNED
179,0.07038727402687073,2026-05-15 13:06:32.335505,2026-05-15 13:06:32.748803,0 days 00:00:00.413298,0.005113355068924979,64,1.9066966251378636,0.1710396614109615,0.005949446069077608,4,0.49198015553086705,5000,PRUNED
180,0.06375785917043686,2026-05-15 13:06:32.755220,2026-05-15 13:06:33.225021,0 days 00:00:00.469801,0.007872518999737527,80,1.5412747212220543,0.20737756379556047,0.008263715113979055,4,0.5337907533596873,4000,PRUNED
181,0.09251079708337784,2026-05-15 13:06:33.231165,2026-05-15 13:06:33.504779,0 days 00:00:00.273614,0.017218344573475222,64,1.1510604882443638,0.6433524990757853,0.005333698902082758,4,0.41418365059372964,5000,PRUNED
182,0.09493047744035721,2026-05-15 13:06:33.511254,2026-05-15 13:06:33.729585,0 days 00:00:00.218331,0.013745705844676586,64,1.3308392509843365,0.036108225276370615,0.006650835423102911,4,0.4334608865588035,5000,PRUNED
183,0.03547988459467888,2026-05-15 13:06:33.735942,2026-05-15 13:06:34.509280,0 days 00:00:00.773338,0.004029762280930173,64,1.1136731390959003,0.39251747490486294,0.005553003826923492,4,0.4608078270922398,5000,PRUNED
184,0.10520496219396591,2026-05-15 13:06:34.517382,2026-05-15 13:06:34.737941,0 days 00:00:00.220559,0.13068250407635643,64,1.243160204556462,0.5222094464514472,0.0074542364535863884,4,0.47389791200483433,5000,PRUNED
185,0.09129827469587326,2026-05-15 13:06:34.745249,2026-05-15 13:06:34.964230,0 days 00:00:00.218981,0.06924180184004781,64,1.4289397946538314,0.011936645979910437,0.00926219268955451,4,0.44621885028159075,1500,PRUNED
186,0.10380835086107254,2026-05-15 13:06:34.971329,2026-05-15 13:06:35.189750,0 days 00:00:00.218421,0.00023094152466534724,80,1.6201412226336773,0.2816740494481166,0.006204613968544621,4,0.3933948678080301,4000,PRUNED
187,0.09953363239765167,2026-05-15 13:06:35.196063,2026-05-15 13:06:35.412693,0 days 00:00:00.216630,0.009190877156644229,64,1.0118677061929926,1.1024668403077322,0.00406725758479391,4,0.37847853992612146,4500,PRUNED
188,0.10910937190055847,2026-05-15 13:06:35.418849,2026-05-15 13:06:35.635588,0 days 00:00:00.216739,0.019400839721064746,80,2.083027900147507,0.3496560465999572,0.006942308981596505,4,0.3527879582877843,4000,PRUNED
189,0.10589192807674408,2026-05-15 13:06:35.641788,2026-05-15 13:06:35.858245,0 days 00:00:00.216457,0.0056148668209408574,64,30.70470191059963,0.44421506080982087,0.008020592727105593,4,0.48351353508477574,5000,PRUNED
190,0.10658960044384003,2026-05-15 13:06:35.864552,2026-05-15 13:06:36.026182,0 days 00:00:00.161630,0.025026959564504674,80,1.809376610784176,0.5581695912845154,0.009690583280628155,2,0.5025613796112257,4500,PRUNED
191,0.06685728579759598,2026-05-15 13:06:36.032662,2026-05-15 13:06:36.427150,0 days 00:00:00.394488,0.004214416864441527,80,1.7782843308210867,0.3087636988740243,0.007744876610710482,4,0.5191781552988683,4000,PRUNED
192,0.09100863337516785,2026-05-15 13:06:36.433469,2026-05-15 13:06:36.653746,0 days 00:00:00.220277,0.012224373626323667,80,1.385229397027262,0.36891895149378523,0.008306007142689873,4,0.5127755433952947,4000,PRUNED
193,0.09353229403495789,2026-05-15 13:06:36.659925,2026-05-15 13:06:36.874724,0 days 00:00:00.214799,0.008708517300769474,80,1.5463501490540459,0.2478940927812116,0.006635612199127173,4,0.550493585480976,4000,PRUNED
194,0.09881292283535004,2026-05-15 13:06:36.881031,2026-05-15 13:06:37.108269,0 days 00:00:00.227238,0.004027941287024677,80,1.1927246637018558,0.4078423457866428,0.007200303828862819,4,0.5269957366143186,4000,PRUNED
195,0.1904248148202896,2026-05-15 13:06:37.114618,2026-05-15 13:06:37.337504,0 days 00:00:00.222886,0.014646236994089776,64,2.2627580966810985,0.2787557005402998,0.0003302819989790315,4,0.498530512781804,4000,PRUNED
196,0.09802478551864624,2026-05-15 13:06:37.343870,2026-05-15 13:06:37.568032,0 days 00:00:00.224162,0.0004074271690151591,80,1.6340159645146208,0.4977857650729042,0.008975070689446253,4,0.3588089416594805,4000,PRUNED
197,0.0919213816523552,2026-05-15 13:06:37.575038,2026-05-15 13:06:37.803005,0 days 00:00:00.227967,0.00750696360985538,64,1.2929918683741761,0.7234719744387834,0.006075495678487392,4,0.40302165535993206,5000,PRUNED
198,0.10444904118776321,2026-05-15 13:06:37.810687,2026-05-15 13:06:38.047715,0 days 00:00:00.237028,0.01086531259004994,80,1.9555587120227127,0.9130274157936151,0.007484164305000358,4,0.42743348837082273,4000,PRUNED
199,0.002205164171755314,2026-05-15 13:06:38.057268,2026-05-15 13:06:59.042558,0 days 00:00:20.985290,0.004780842143970977,64,1.476496852586612,0.30709733770249825,0.008322643338240574,4,0.37192754988688337,3500,COMPLETE
