epoch,loss_data,loss_phys,loss_ic,loss_bc,loss_val,loss_total
50,0.0,0.0011021458776667714,0.11370594054460526,0.0021316695492714643,0.08895038068294525,1.1594781875610352
100,0.0,0.007821706123650074,0.052672576159238815,0.005613729823380709,0.09216586500406265,0.5906847715377808
150,0.0,0.005936565808951855,0.039731189608573914,0.0015107521321624517,0.07527923583984375,0.4183559715747833
200,0.0,0.006191800348460674,0.03818551078438759,0.0005680561880581081,0.06178305298089981,0.39372745156288147
250,0.0,0.005553954280912876,0.03855578973889351,0.000667051353957504,0.06023581698536873,0.3977823555469513
300,0.0,0.006750538945198059,0.03614994138479233,0.001048015314154327,0.05774969607591629,0.3787301182746887
350,0.0,0.012105339206755161,0.04065251722931862,0.0018622454954311252,0.0554993711411953,0.4372529685497284
400,0.0,0.005048192571848631,0.03579261898994446,0.0015775311039760709,0.04952935129404068,0.37874969840049744
450,0.0,0.006142551079392433,0.033268481492996216,0.0009401811403222382,0.05023963749408722,0.34822916984558105
500,0.0,0.007704765535891056,0.027842767536640167,0.00014712713891640306,0.056643299758434296,0.2876037061214447
550,0.0,0.008498591370880604,0.01592981442809105,7.291730435099453e-05,0.04579278454184532,0.16852591931819916
600,0.0,0.005540530662983656,0.012006203643977642,8.497821545461193e-05,0.029643362388014793,0.12645235657691956
650,0.0,0.006415141746401787,0.012920549139380455,0.00027151472750119865,0.019100770354270935,0.13833577930927277
700,0.0,0.005273369140923023,0.00486841332167387,1.5236434592225123e-05,0.01809353567659855,0.05410986766219139
750,0.0,0.00996908824890852,0.00779379066079855,1.0113449206983205e-05,0.023332607001066208,0.08800812810659409
800,0.0,0.005915719084441662,0.004106885753571987,0.0001996727951336652,0.02159900777041912,0.048981308937072754
850,0.0,0.0034183829557150602,0.0050491211004555225,0.0001815476716728881,0.01860584318637848,0.05572506785392761
900,0.0,0.002992999041453004,0.006008389871567488,0.0005545165622606874,0.012250454165041447,0.06862206757068634
950,0.0,0.0050941347144544125,0.01335197500884533,0.0008329960401169956,0.02101280726492405,0.1469438523054123
1000,0.0,0.010965927504003048,0.004013861063867807,3.0317976779770106e-05,0.017953786998987198,0.051407717168331146
1050,0.0,0.012263734824955463,0.00491009745746851,7.075929897837341e-05,0.01968606933951378,0.06207229942083359
1100,0.0,0.004734768997877836,0.0031859888695180416,1.4773731891182251e-05,0.013432967476546764,0.03674239665269852
1150,0.0,0.003938439302146435,0.004648035857826471,6.786971061956137e-05,0.013748635537922382,0.05109749361872673
1200,0.0,0.0031403142493218184,0.01777651533484459,0.00016188487643375993,0.017712822183966637,0.18252432346343994
1250,0.0,0.02029857598245144,0.008244678378105164,7.656991328985896e-06,0.016632962971925735,0.10282193124294281
1300,0.0,0.007414030376821756,0.0031123298685997725,1.613321182958316e-05,0.014795592054724693,0.03869866207242012
1350,0.0,0.0025012167170643806,0.008438799530267715,2.0026964193675667e-05,0.01938094012439251,0.08708948642015457
1400,0.0,0.015239497646689415,0.004591647535562515,7.949937571538612e-05,0.012391715310513973,0.06195097044110298
1450,0.0,0.0020983146969228983,0.003997049760073423,0.00024442694848403335,0.014537416398525238,0.04451308399438858
1500,0.0,0.005250262562185526,0.003719503991305828,0.00011965008161496371,0.01531168818473816,0.04364180564880371
1550,0.0,0.0026031022425740957,0.007491768337786198,0.0004961335798725486,0.013490230776369572,0.08248211443424225
1600,0.0,0.002207673853263259,0.0032425690442323685,0.0005329214036464691,0.013984558172523975,0.03996257856488228
1650,0.0,0.0044587720185518265,0.0026841233484447002,3.0702329240739346e-05,0.015389359556138515,0.03160703182220459
1700,0.0,0.0070218914188444614,0.0036836909130215645,6.985769141465425e-05,0.017128992825746536,0.04455737769603729
1750,0.0,0.0014248192310333252,0.003625045996159315,9.152786515187472e-05,0.015576867386698723,0.038590557873249054
1800,0.0,0.002099854638800025,0.0025293841026723385,0.00034275848884135485,0.013749738223850727,0.030821282416582108
1850,0.0,0.0021552445832639933,0.005044781602919102,0.0001495095930295065,0.01065310649573803,0.05409815534949303
1900,0.0,0.0023125752341002226,0.005776325706392527,4.735784386866726e-06,0.009751471690833569,0.06012319028377533
1950,0.0,0.0017477903747931123,0.013458769768476486,0.00010913355072261766,0.020409874618053436,0.13742682337760925
2000,0.0,0.003606196027249098,0.0032879526261240244,0.00010310801735613495,0.01632995344698429,0.03751680254936218
2050,0.0,0.0030576775316148996,0.002301023108884692,2.094289447995834e-05,0.016060715541243553,0.026277337223291397
2100,0.0,0.001766765140928328,0.005050636827945709,4.2290976125514135e-05,0.012671473436057568,0.05269604176282883
2150,0.0,0.0019712799694389105,0.004302346147596836,0.00016258891264442354,0.012823627330362797,0.046620626002550125
2200,0.0,0.2656995952129364,0.04226166754961014,8.324540976900607e-05,0.08599173277616501,0.6891486644744873
2250,0.0,0.01086230669170618,0.013109464198350906,0.0018367066513746977,0.0471251904964447,0.16032400727272034
2300,0.0,0.006919561419636011,0.005180268082767725,3.974690571340034e-06,0.023212380707263947,0.05876198783516884
2350,0.0,0.0056019932962954044,0.0037320915143936872,1.0553573702054564e-05,0.02148596942424774,0.04302844777703285
2400,0.0,0.005835828371345997,0.007263493724167347,0.0016494496958330274,0.019432421773672104,0.09496526420116425
2450,0.0,0.0021828063763678074,0.005055447109043598,0.001669963006861508,0.013405710458755493,0.06943690776824951
2500,0.0,0.0037802066653966904,0.007856636308133602,0.00039222321356646717,0.018326178193092346,0.08626880496740341
2550,0.0,0.0017715106951072812,0.006743371952325106,0.0007380722090601921,0.013692866079509258,0.07658595591783524
2600,0.0,0.0034990706481039524,0.00250870524905622,2.039994615188334e-05,0.01433651801198721,0.028790121898055077
2650,0.0,0.0018987876828759909,0.00310062849894166,1.7234280676348135e-05,0.010390562936663628,0.0330774150788784
2700,0.0,0.004451030865311623,0.004743020050227642,7.09851155988872e-05,0.012770581059157848,0.05259108170866966
2750,0.0,0.002154745627194643,0.003954016137868166,1.0086385373142548e-05,0.014162782579660416,0.0417957678437233
2800,0.0,0.001699762069620192,0.0019846209324896336,5.918786428082967e-06,0.009963134303689003,0.02160515822470188
2850,0.0,0.001291913678869605,0.006629222072660923,5.9150694141862914e-05,0.01011496689170599,0.06817564368247986
2900,0.0,0.0012270513689145446,0.003665153170004487,2.757083530013915e-05,0.00874266866594553,0.03815429285168648
2950,0.0,0.0021456934046000242,0.004067030735313892,4.9370199121767655e-05,0.009773786179721355,0.04330969974398613
3000,0.0,0.0014049181481823325,0.0032393340952694416,1.3678622053703293e-05,0.007652759086340666,0.03393504396080971
3050,0.0,0.0028653396293520927,0.002536569954827428,4.0816150431055576e-05,0.007523457985371351,0.02863920107483864
3100,0.0,0.0014457585057243705,0.001878533628769219,0.00010708985792007297,0.007303530815988779,0.02130199410021305
3150,0.0,0.00226698350161314,0.0016020035836845636,1.7773962099454366e-05,0.009946057572960854,0.01846475712954998
3200,0.0,0.0019182735122740269,0.0037414084654301405,7.698784429521766e-06,0.009103012271225452,0.039409346878528595
3250,0.0,0.0013111102161929011,0.003171276766806841,1.1942567653022707e-05,0.0063443901017308235,0.033143300563097
3300,0.0,0.0012264798860996962,0.006073479074984789,0.00010592186299618334,0.0085260896012187,0.0630204901099205
3350,0.0,0.001240801764652133,0.011095129884779453,0.00011254820128669962,0.007209859322756529,0.1133175864815712
3400,0.0,0.0013880456099286675,0.0016195809002965689,3.894783276336966e-06,0.0061768051236867905,0.017622802406549454
3450,0.0,0.0021370206959545612,0.0028066884260624647,4.934251046506688e-05,0.02083754725754261,0.030697330832481384
3500,0.0,0.002171461470425129,0.005042443051934242,0.0008771580178290606,0.009203816764056683,0.061367470771074295
3550,0.0,0.003033209824934602,0.004567325580865145,0.0005755587480962276,0.016996080055832863,0.05446205288171768
3600,0.0,0.002813956933096051,0.00656483368948102,1.1023908882634714e-05,0.005925171077251434,0.06857253611087799
3650,0.0,0.14362366497516632,0.0039302268996834755,5.2402094297576696e-05,0.03701047971844673,0.18344995379447937
3700,0.0,0.003026592778041959,0.06047368794679642,0.002382813021540642,0.07096182554960251,0.6315916180610657
3750,0.0,0.08994719386100769,0.018344171345233917,0.0002540847344789654,0.06149695813655853,0.2759297788143158
3800,0.0,0.0469573475420475,0.011781573295593262,0.0007409437675960362,0.046678248792886734,0.17218251526355743
3850,0.0,0.03488718345761299,0.006160827353596687,0.0005164671456441283,0.029335319995880127,0.10166013240814209
3900,0.0,0.007787124719470739,0.005592212546616793,0.0013290628558024764,0.04958501085639,0.07699988037347794
3950,0.0,0.01614673063158989,0.004491501022130251,0.0001174193894257769,0.04145943373441696,0.06223593279719353
4000,0.0,0.005659264046698809,0.007090482395142317,0.00023893873731140047,0.04016841948032379,0.07895347476005554
4050,0.0,0.0049059512093663216,0.0040745241567492485,3.3482469007140025e-05,0.035240739583969116,0.04598601907491684
4100,0.0,0.0032895139884203672,0.0069386097602546215,0.00025088421534746885,0.03374938294291496,0.07518444955348969
4150,0.0,0.003791743190959096,0.005517562851309776,0.00045393468462862074,0.027785351499915123,0.06350671499967575
4200,0.0,0.0055640689097344875,0.007711317390203476,0.0005718232714571059,0.028408106416463852,0.08839547634124756
4250,0.0,0.003767392598092556,0.010082351975142956,0.00027888320619240403,0.02244466356933117,0.10737974941730499
4300,0.0,0.004550508223474026,0.002745881909504533,6.13907104707323e-06,0.02509758621454239,0.032070714980363846
4350,0.0,0.003714731428772211,0.00402410002425313,1.040476308844518e-05,0.026019228622317314,0.04405977949500084
4400,0.0,0.0024579300079494715,0.012848119251430035,0.0001452462893212214,0.019372427836060524,0.13239158689975739
4450,0.0,0.005294418428093195,0.004080967046320438,0.00011585101310629398,0.013834763318300247,0.04726259782910347
4500,0.0,0.003961070440709591,0.002385465195402503,1.1289938811387401e-05,0.014718213118612766,0.02792862057685852
4550,0.0,0.008638355880975723,0.0024357130751013756,0.00010404510976513848,0.013925797306001186,0.03403593599796295
4600,0.0,0.002380338730290532,0.002088222187012434,5.6561566452728584e-06,0.01251158770173788,0.023319123312830925
4650,0.0,0.0016683399444445968,0.0029174434021115303,1.961453108378919e-06,0.01329297386109829,0.030862387269735336
4700,0.0,0.0018126547802239656,0.003697493113577366,0.0002755406021606177,0.01936844177544117,0.04154299199581146
4750,0.0,0.006565769203007221,0.025301851332187653,0.00016295709065161645,0.08789052069187164,0.26121383905410767
4800,0.0,0.019780607894062996,0.005378538277000189,4.982157861377345e-06,0.03053523227572441,0.07361581176519394
4850,0.0,0.0034304445143789053,0.0037204185500741005,0.00029974940116517246,0.031582318246364594,0.04363212361931801
4900,0.0,0.0021456792019307613,0.007688306272029877,0.0002439600502839312,0.025980425998568535,0.08146834373474121
4950,0.0,0.002788929268717766,0.013550031930208206,0.0005951269413344562,0.02329503372311592,0.14424051344394684
5000,0.0,0.0038222139701247215,0.0032854683231562376,3.093401755904779e-05,0.014231852255761623,0.03698623925447464
5050,0.0,0.0023092133924365044,0.003229862079024315,1.6443940467070206e-06,0.015774477273225784,0.03462427854537964
5100,0.0,0.00563384871929884,0.005374292377382517,6.988323002588004e-05,0.023741889744997025,0.06007560342550278
5150,0.0,0.007711424026638269,0.0053061372600495815,0.00020430113363545388,0.014079744927585125,0.06281580775976181
5200,0.0,0.0017271849792450666,0.005372766405344009,6.8086828832747415e-06,0.026321185752749443,0.05552293732762337
5250,0.0,0.001794078154489398,0.0019867653027176857,5.67641563975485e-06,0.015009044669568539,0.021718494594097137
5300,0.0,0.001087387092411518,0.00732014374807477,0.00010079568164655939,0.01276390254497528,0.0752967894077301
5350,0.0,0.006714195944368839,0.041635964065790176,0.0009108416270464659,0.07642433047294617,0.432182252407074
5400,0.0,0.005875636823475361,0.023880360648036003,0.001010565785691142,0.04406647011637688,0.2547849118709564
5450,0.0,0.003861518343910575,0.0021801211405545473,3.932686377083883e-05,0.03560919687151909,0.026055999100208282
5500,0.0,0.007513890974223614,0.06707940250635147,0.00010860685142688453,0.08368595689535141,0.6793939471244812
5550,0.0,0.021525507792830467,0.0131310373544693,0.0011866509448736906,0.04482632502913475,0.1647023856639862
5600,0.0,0.003399317152798176,0.0027466067112982273,2.626407876960002e-05,0.057543765753507614,0.03112802281975746
