epoch,loss_data,loss_phys,loss_ic,loss_bc,loss_val,loss_total,nu_hat
50,0.052381232380867004,0.002799043897539377,0.0278753861784935,0.01314180064946413,0.02763999067246914,2.999328136444092,1.2369868755340576
100,0.03795034438371658,0.0008013537735678256,0.018646949902176857,0.0020193683449178934,0.031118573620915413,1.9308525323867798,1.2678594589233398
150,0.05029023066163063,0.0013392054243013263,0.00851353257894516,9.867733024293557e-05,0.011927242390811443,0.9160223603248596,1.0012894868850708
200,0.00792541541159153,0.002262451685965061,0.0009820141131058335,7.394971180474386e-05,0.007797512691468,0.12949083745479584,0.8201214075088501
250,0.004170841537415981,0.0005754204466938972,0.0060224938206374645,0.0011625989573076367,0.0017947242595255375,0.6238004565238953,0.6663010120391846
300,0.001480306964367628,0.0016548418207094073,0.0017425735713914037,0.00018964037008117884,0.00185730354860425,0.19418248534202576,0.5720681548118591
350,0.0015064537292346358,0.000565707974601537,0.0002672370173968375,0.00010557942732702941,0.004216581117361784,0.034943029284477234,0.526646077632904
400,0.002428553532809019,0.0007688854821026325,0.00031593296444043517,2.3335716832662e-05,0.0019388051005080342,0.04194406047463417,0.5019333362579346
450,0.0022268490865826607,0.00029468402499333024,0.0003189950657542795,1.8079643268720247e-05,0.0010995414340868592,0.03725399449467659,0.48493725061416626
500,0.003076474880799651,0.00024362831027247012,0.0019304222660139203,4.59663806395838e-06,0.001567549305036664,0.19860096275806427,0.46335628628730774
550,0.0008784164092503488,0.0004825240175705403,7.4391980888322e-05,2.2330141291604377e-05,0.0010371512034907937,0.013366155326366425,0.4469272792339325
600,0.0010185952996835113,0.00020537263480946422,9.953624248737469e-05,6.94023310643388e-06,0.0012223185040056705,0.013095349073410034,0.432634174823761
650,0.0010299542918801308,0.0002734085719566792,0.0004883173969574273,2.8878289413114544e-06,0.0007520782528445125,0.0526246577501297,0.41916000843048096
700,0.0007550467853434384,0.00022961899230722338,0.000709479849319905,3.7643033010681393e-06,0.0011231350945308805,0.0740368589758873,0.4044470191001892
750,0.00043725219438783824,0.00013765334733761847,7.120920781744644e-05,9.241289262718055e-06,0.0010919779306277633,0.009027119725942612,0.38915473222732544
800,0.0006686580018140376,0.00012919782602693886,9.394601511303335e-05,7.056324648146983e-06,0.0003758242237381637,0.011425801552832127,0.374665766954422
850,0.0007639824762009084,0.00019020188483409584,1.729935138428118e-05,4.525339591054944e-06,0.0004083542444277555,0.004441190045326948,0.359681636095047
900,0.00042727901018224657,0.00017537992971483618,6.787017628084868e-05,4.600753072736552e-06,0.00030496317776851356,0.009014103561639786,0.3451380431652069
950,0.00019258448446635157,0.0003201461222488433,5.64851397939492e-05,8.47768023959361e-06,0.0002865130954887718,0.009127335622906685,0.33076369762420654
1000,0.0005569577915593982,0.00014446071872953326,0.00015598702884744853,5.209232313063694e-06,0.000623567495495081,0.0176523607224226,0.3173985481262207
1050,0.0011886416468769312,9.253253665519878e-05,0.00046158209443092346,0.00010678786202333868,0.00032067843130789697,0.049340054392814636,0.3059256672859192
1100,0.0002981994184665382,5.703748684027232e-05,0.00010781861055875197,5.939538823440671e-06,0.00018485139298718423,0.011709830723702908,0.2947673201560974
1150,0.00020093384955544025,7.666164310649037e-05,6.5696491219569e-05,5.128398697706871e-06,0.0002856142818927765,0.007588483393192291,0.2855915427207947
1200,0.0004186790611129254,0.0001225624728249386,0.000212909173569642,4.579036612994969e-06,0.0002186868223361671,0.022981012240052223,0.27723613381385803
1250,0.0007392424158751965,7.298385753529146e-05,0.0003231121227145195,3.916741843568161e-05,0.0003577502502594143,0.03417196497321129,0.26963117718696594
1300,0.00022289394109975547,6.88432774040848e-05,3.630712399171898e-06,4.435248683876125e-06,7.523693784605712e-05,0.001318750437349081,0.2620577812194824
1350,0.00023267848882824183,7.157264917623252e-05,1.2054681974404957e-05,3.415095306991134e-06,0.00014462441322393715,0.0021880241110920906,0.2561912536621094
1400,0.00015270552830770612,6.400536221917719e-05,6.32124429102987e-05,6.657768244622275e-05,0.00017987577302847058,0.007779780309647322,0.25039830803871155
1450,0.00011063248530263081,4.651352355722338e-05,1.0210076652583666e-05,6.6270013121538796e-06,5.377810884965584e-05,0.0016630453756079078,0.24427558481693268
1500,8.177056588465348e-05,2.966118699987419e-05,2.1513915271498263e-06,4.641504801838892e-06,3.615138484747149e-05,0.0006399365956895053,0.24169941246509552
1550,0.0003030321095138788,5.668074663844891e-05,8.158308628480881e-05,2.8757713153026998e-05,7.040714990580454e-05,0.009315725415945053,0.2395990788936615
1600,0.00012561077892314643,2.4980368834803812e-05,1.5330834912674618e-06,3.7217807857814478e-06,3.170777563354932e-05,0.0005659405724145472,0.2357035130262375
1650,0.00011892238399013877,3.351093619130552e-05,5.09264282300137e-05,7.56421432015486e-05,3.121909685432911e-05,0.006303096190094948,0.23438361287117004
1700,0.0001882018259493634,3.126649608020671e-05,2.3940399387356592e-06,2.6856559998122975e-06,3.131587436655536e-05,0.0007671273197047412,0.2315555065870285
1750,0.0001646194141358137,3.1903895433060825e-05,0.00036363708204589784,2.2098454792285338e-05,0.0001563962287036702,0.03706835210323334,0.23096586763858795
1800,0.00019405751663725823,1.6478472389280796e-05,1.3394461575444438e-06,2.332657913939329e-06,3.638671478256583e-05,0.0005161134758964181,0.22929735481739044
1850,0.00012809413601644337,1.7145297533716075e-05,0.00011908956366823986,6.959265647310531e-06,8.631980017526075e-05,0.012278096750378609,0.22933855652809143
1900,0.0001341694442089647,1.04524306152598e-05,8.555471708859841e-07,1.2600687568919966e-06,2.3695469280937687e-05,0.00033684915979392827,0.22850191593170166
1950,0.00011765537055907771,2.341672734473832e-05,9.910907465382479e-06,1.6382795365643688e-05,3.743633715203032e-05,0.0015067412750795484,0.22800739109516144
2000,7.891514542279765e-05,1.5201556379906833e-05,0.0001146710419561714,5.335802597983275e-06,9.700554801383987e-05,0.011751392856240273,0.2272091805934906
2050,7.010724220890552e-05,1.609421451576054e-05,3.0975024856161326e-05,4.759770490636583e-06,3.948689845856279e-05,0.003376149805262685,0.2264099270105362
2100,0.00012932201207149774,9.739972483657766e-06,4.430346507433569e-06,1.0026716154243331e-05,1.0740934158093296e-05,0.0007700235582888126,0.22547678649425507
2150,0.00015565205831080675,2.60692868323531e-05,9.69816028373316e-06,1.9555805920390412e-05,2.326780122530181e-05,0.001581719028763473,0.22492057085037231
2200,0.00014349323464557528,1.8554597772890702e-05,2.509507248760201e-05,6.125471259110782e-07,4.701434954768047e-05,0.0028446721844375134,0.224087193608284
2250,0.0001431783166481182,1.7223173927050084e-05,7.985621778061613e-06,1.1364540114300326e-05,3.214499156456441e-05,0.0012276177294552326,0.22308938205242157
2300,0.00015451961371582001,2.0748846509377472e-05,2.256663174193818e-05,1.6083478158179787e-06,2.9025824915152043e-05,0.0026347548700869083,0.22283223271369934
2350,0.00015865667955949903,2.817158747348003e-05,9.669031715020537e-05,0.00013092118024360389,0.0001244504819624126,0.011418616399168968,0.22176653146743774
2400,0.0003678066423162818,3.640840805019252e-05,0.00019908820104319602,0.0003889143408741802,0.00019300359417684376,0.024529853835701942,0.2200682908296585
2450,0.00011371490836609155,2.2173369870870374e-05,2.718741052376572e-05,3.323581404401921e-05,4.280021312297322e-05,0.003386547788977623,0.21776777505874634
2500,0.00013615947682410479,1.2510902706708293e-05,9.024659561873705e-07,4.3120132886542706e-07,9.531308933219407e-06,0.0003558271564543247,0.2171749621629715
2550,0.00010853242565644905,3.7707948649767786e-05,1.3464510630001314e-05,8.37003426568117e-06,3.136874511255883e-05,0.0019157633651047945,0.21565362811088562
2600,8.740911289351061e-05,1.2158562640252057e-05,4.478769142224337e-07,3.732965012659406e-07,2.0967721866327338e-05,0.0002575154067017138,0.21393008530139923
2650,0.00016609934391453862,1.6558873539906926e-05,1.264363709196914e-05,3.313504294055747e-06,1.1291223017906304e-05,0.0016291869105771184,0.2139989733695984
2700,0.00014578920672647655,1.3091593245917466e-05,0.00011545632150955498,6.108369234425481e-06,0.00011911131878150627,0.011883420869708061,0.21412435173988342
2750,0.00012848476762883365,1.0049145203083754e-05,2.9702619031013455e-06,4.45934119852609e-07,1.5003573025751393e-05,0.0005304617225192487,0.2135383039712906
2800,0.00012066318595316261,1.1438557521614712e-05,1.28601755022828e-06,1.527799327050161e-06,2.7355827114661224e-05,0.00037892849650233984,0.21330347657203674
2850,9.502856846665964e-05,8.855793566908687e-06,2.5424451450817287e-06,2.6856810109165963e-06,1.702713234408293e-05,0.00046468782238662243,0.21306252479553223
2900,0.00010822319745784625,1.3787617717753164e-05,2.1163788915146142e-05,4.790554157807492e-07,1.2841929674323183e-05,0.002367268782109022,0.21323162317276
2950,0.922318160533905,0.21722447872161865,1.0286966562271118,2.8503620624542236,0.19353432953357697,134.4678497314453,0.2070651650428772
3000,0.020405074581503868,8.087775512245071e-15,0.04652351513504982,0.00938846729695797,0.028003863990306854,4.766641139984131,0.1792457550764084
3050,0.0283349696546793,3.8420140549902393e-13,0.04451597109436989,0.01948416419327259,0.028341032564640045,4.674774169921875,0.1791631132364273
3100,0.0380391851067543,3.6858473528346165e-15,0.04456595703959465,0.018963320180773735,0.028299447149038315,4.684268474578857,0.17916274070739746
3150,0.023489193990826607,6.583664603071471e-12,0.044542353600263596,0.019203735515475273,0.028294632211327553,4.669762134552002,0.17916274070739746
3200,0.024568729102611542,6.627246765689848e-15,0.04454577714204788,0.01916823536157608,0.02830072119832039,4.670828819274902,0.17916274070739746
3250,0.025677157565951347,5.055744421066577e-15,0.04457143321633339,0.018908673897385597,0.0283392034471035,4.671907424926758,0.17916274070739746
