number,value,datetime_start,datetime_complete,duration,params_adam_beta1,params_adam_beta2,params_hidden,params_lambda_ic,params_lambda_phys,params_lr,params_n_layers,params_scheduler_gamma,params_scheduler_step,state
0,0.0005360333598218858,2026-05-18 07:57:31.231814,2026-05-18 07:57:43.168909,0 days 00:00:11.937095,0.9712646604084909,0.9959510386162578,48,15.75132049977973,0.8471801418819978,0.0002051338263087451,6,0.3935967122017216,1000,COMPLETE
1,0.0015746218850836158,2026-05-18 07:57:43.180395,2026-05-18 07:57:50.458127,0 days 00:00:07.277732,0.8925939140143353,0.9951950886731592,96,46.22589001020831,7.579479953348009,0.00026587543983272726,2,0.4090949803242604,1000,COMPLETE
2,0.0005229536909610033,2026-05-18 07:57:50.465482,2026-05-18 07:57:59.211523,0 days 00:00:08.746041,0.9599246345950219,0.9919767704433677,64,1.9010245319870354,0.2801635158716261,0.0003839629299804173,3,0.5198171059762151,3000,COMPLETE
3,0.0013309750938788056,2026-05-18 07:57:59.221147,2026-05-18 07:58:08.889254,0 days 00:00:09.668107,0.9851884846304383,0.998003133746353,80,16.40928673064792,0.0015339162591163618,0.00021930485556643703,4,0.3390309557911677,5000,COMPLETE
4,0.0012903764145448804,2026-05-18 07:58:08.898788,2026-05-18 07:58:16.203541,0 days 00:00:07.304753,0.9773048562910295,0.9925619218178402,48,7.591104805282694,0.5456725485601477,0.00017541893487450815,2,0.5971061460667622,1000,COMPLETE
5,0.0037391670048236847,2026-05-18 07:58:16.213560,2026-05-18 07:58:17.414929,0 days 00:00:01.201369,0.9815298518189864,0.9988587907692338,96,12.399967836846093,0.12030178871154672,0.00023426581058204064,3,0.8817507766587351,4000,PRUNED
6,0.02445353753864765,2026-05-18 07:58:17.422789,2026-05-18 07:58:17.779448,0 days 00:00:00.356659,0.8879888644483455,0.9982045013406041,80,2.4658447214487373,0.002259279742015696,0.00012315571723666037,6,0.49519819845795865,2000,PRUNED
7,1.2137484191043768e-05,2026-05-18 07:58:17.787648,2026-05-18 07:58:26.562364,0 days 00:00:08.774716,0.9581142677015321,0.9919672852471884,48,1.9135880487692298,0.14817820606039092,0.0040215545266902904,3,0.3447303862078625,5000,COMPLETE
8,2.703516474866774e-05,2026-05-18 07:58:26.573398,2026-05-18 07:58:39.086986,0 days 00:00:12.513588,0.8662216683335181,0.9985447239161683,16,28.70875348195468,0.6720930050156113,0.0034877126245459306,6,0.3444267910404542,2000,COMPLETE
9,0.0008006584248505533,2026-05-18 07:58:39.095076,2026-05-18 07:58:45.837375,0 days 00:00:06.742299,0.9742097839606857,0.9946749277591033,80,4.187594718900626,0.0017956984225677636,0.0004470608546778491,3,0.7377637070028384,4000,PRUNED
10,0.09330537170171738,2026-05-18 07:58:45.844041,2026-05-18 07:58:46.142226,0 days 00:00:00.298185,0.9373716938041312,0.9903940161001624,128,1.0862348973937128,0.0184157984854315,0.009165193790139851,4,0.7141482441414871,5000,PRUNED
11,0.0003459196595940739,2026-05-18 07:58:46.150091,2026-05-18 07:58:57.304825,0 days 00:00:11.154734,0.8604465441190641,0.9998807207324026,16,73.47973767867614,3.014081614611621,0.0037539522659534334,5,0.3124093411638383,3000,COMPLETE
12,8.201259333873168e-05,2026-05-18 07:58:57.313810,2026-05-18 07:59:08.310542,0 days 00:00:10.996732,0.9287649115322774,0.9933875261285595,16,30.196969843218803,0.031214953823638873,0.0020518849625537163,5,0.4646909839694886,2000,COMPLETE
13,0.0002205598575528711,2026-05-18 07:59:08.319430,2026-05-18 07:59:17.470353,0 days 00:00:09.150923,0.9019111830037088,0.9967864956204765,32,6.5421073151592655,0.0396287130114545,0.0017021074204418985,4,0.315329696886326,2000,COMPLETE
14,2.828369133567321e-06,2026-05-18 07:59:17.478437,2026-05-18 07:59:28.635021,0 days 00:00:11.156584,0.8667959979275492,0.9905189446027594,32,29.936200869893714,1.5470900640652263,0.006096230092353268,5,0.5804885760194731,4000,COMPLETE
15,4.970363988832105e-06,2026-05-18 07:59:28.648017,2026-05-18 07:59:40.164895,0 days 00:00:11.516878,0.943876319964684,0.9904483293373831,48,1.0519095028133836,1.508625542422029,0.008429309163885967,5,0.6145382291843938,4000,COMPLETE
16,5.6859162214095704e-06,2026-05-18 07:59:40.173525,2026-05-18 07:59:51.624621,0 days 00:00:11.451096,0.915952269783803,0.9901304742223711,32,91.05273581735291,2.281166987382632,0.008152059999870393,5,0.6461695043338067,4000,COMPLETE
17,0.011832932941615582,2026-05-18 07:59:51.631925,2026-05-18 07:59:51.951732,0 days 00:00:00.319807,0.9441735906457455,0.9912491178387578,32,24.56966955619293,6.367238056975112,0.0008265370165105843,5,0.5723634572682853,3000,PRUNED
18,1.9689019609359093e-05,2026-05-18 07:59:51.960225,2026-05-18 08:00:03.510166,0 days 00:00:11.549941,0.8800800471105714,0.9939530170183561,64,1.1149993314073985,1.5305588647921704,0.005906266782034528,5,0.693626300652922,4000,COMPLETE
19,5.410812718764646e-06,2026-05-18 08:00:03.518278,2026-05-18 08:00:16.501229,0 days 00:00:12.982951,0.9135124750050402,0.9910442618435477,128,4.000009167270171,0.006389317704841252,0.0015632368259953138,6,0.8371288831612471,4000,COMPLETE
20,3.2479438232257962e-06,2026-05-18 08:00:16.508573,2026-05-18 08:00:27.796067,0 days 00:00:11.287494,0.8516269346278574,0.9930409862952141,48,39.24819020127144,0.3640282993687915,0.005631072996138016,5,0.8031522400235495,5000,COMPLETE
21,4.4670655370282475e-06,2026-05-18 08:00:27.804015,2026-05-18 08:00:37.638062,0 days 00:00:09.834047,0.8524301764908077,0.9929751137030197,48,48.07823951397634,0.32951237072808365,0.005652391337734208,5,0.804004614003205,5000,COMPLETE
22,0.0032720365561544895,2026-05-18 08:00:37.646652,2026-05-18 08:00:38.158361,0 days 00:00:00.511709,0.8509269812586627,0.9931891457826653,32,49.18304182406622,0.34912978215053375,0.0025726501090331333,4,0.7886812718126188,5000,PRUNED
23,0.002499066526070237,2026-05-18 08:00:38.164936,2026-05-18 08:00:38.699541,0 days 00:00:00.534605,0.8719577647904572,0.9941881150833464,64,54.123312104868944,0.20833673977905603,0.005409652258843025,5,0.7822026164769689,5000,PRUNED
24,0.0032599386759102345,2026-05-18 08:00:38.707015,2026-05-18 08:00:39.288590,0 days 00:00:00.581575,0.8517957450065726,0.9925358816746432,48,36.47212028693534,0.07179328221079773,0.0010709154320580146,6,0.8813735536905899,5000,PRUNED
25,4.400770194479264e-06,2026-05-18 08:00:39.295003,2026-05-18 08:00:48.969349,0 days 00:00:09.674346,0.8744542658661913,0.9915263435544188,32,20.315188730411748,3.7528466781083623,0.005639026931347986,5,0.6780010891580744,5000,COMPLETE
26,0.0028928129468113184,2026-05-18 08:00:48.979545,2026-05-18 08:00:49.497947,0 days 00:00:00.518402,0.8754463239168787,0.9916115821587527,32,19.287511239386873,3.717002281812209,0.0028001401215131195,4,0.6728135657297518,4000,PRUNED
27,0.0015322751132771373,2026-05-18 08:00:49.503884,2026-05-18 08:00:50.171912,0 days 00:00:00.668028,0.8638444702981697,0.9910117703936608,16,10.275229858408872,1.1339285004878048,0.005731003841795224,4,0.5505525219063128,5000,PRUNED
28,0.004987071268260479,2026-05-18 08:00:50.178067,2026-05-18 08:00:50.464956,0 days 00:00:00.286889,0.8850059619639097,0.9921904458063244,32,20.21718577546426,5.168611770726089,0.0011561246009004148,5,0.7556060391670799,4000,PRUNED
29,0.0016030349070206285,2026-05-18 08:00:50.470992,2026-05-18 08:00:51.346173,0 days 00:00:00.875181,0.905619093098395,0.9959423875310387,64,73.73361959067454,0.935337192900446,0.004287009069860014,6,0.6451639279788122,5000,PRUNED
30,0.005429982673376799,2026-05-18 08:00:51.352377,2026-05-18 08:00:51.638547,0 days 00:00:00.286170,0.8982989442543798,0.9936561868136647,48,13.621669732663197,2.1108823569297908,0.0006467377078810074,5,0.8504215244702832,4000,PRUNED
31,4.493203050515149e-06,2026-05-18 08:00:51.644572,2026-05-18 08:01:01.876800,0 days 00:00:10.232228,0.857567680983525,0.9929526273747096,48,40.05841116653547,0.4699989722234714,0.006608521297718777,5,0.8144686143269815,5000,COMPLETE
32,0.0027654676232486963,2026-05-18 08:01:01.884851,2026-05-18 08:01:02.414617,0 days 00:00:00.529766,0.8702577510470236,0.9914232562497554,32,23.5962107358844,0.8322471947280458,0.0028633065984043716,5,0.7416339068946519,5000,PRUNED
33,2.3623008473805385e-06,2026-05-18 08:01:02.420536,2026-05-18 08:01:13.468963,0 days 00:00:11.048427,0.8568447296570315,0.9951717431878475,48,56.52571543452457,8.436023304328902,0.004649268394427078,6,0.4399935297711267,5000,COMPLETE
34,3.5441614727460546e-06,2026-05-18 08:01:13.479069,2026-05-18 08:01:24.405387,0 days 00:00:10.926318,0.8791906765397017,0.9957419513873125,64,64.62023092947933,4.477441282060332,0.0073224336990038415,6,0.3836554415381256,5000,COMPLETE
35,0.0011258338345214725,2026-05-18 08:01:24.412687,2026-05-18 08:01:25.819697,0 days 00:00:01.407010,0.8580841269867092,0.9963555728112065,96,60.379531259677314,7.6612533701769205,0.009287100582037357,6,0.41592653205322616,5000,PRUNED
36,0.0016857425216585398,2026-05-18 08:01:25.827317,2026-05-18 08:01:26.685290,0 days 00:00:00.857973,0.893251273371087,0.9955030592354008,64,89.06440833053516,8.305792662142533,0.0069015737921952,6,0.437994614348884,4000,PRUNED
37,0.0008935558144003153,2026-05-18 08:01:26.692604,2026-05-18 08:01:29.838462,0 days 00:00:03.145858,0.8810754754444999,0.9948162951340306,80,65.25879647893005,9.792087373071668,0.004028453186876992,6,0.38157081963561595,3000,PRUNED
38,0.0022304083686321974,2026-05-18 08:01:29.845076,2026-05-18 08:01:30.432909,0 days 00:00:00.587833,0.8673016859820061,0.9968302195882982,64,37.19211362347626,5.096513716440784,0.002093484823667498,6,0.5059795225796007,5000,PRUNED
39,4.262789389031241e-06,2026-05-18 08:01:30.439805,2026-05-18 08:01:42.610018,0 days 00:00:12.170213,0.8896857471804118,0.9955018972398731,48,32.491382795664414,2.1688012964899896,0.004316088892928011,6,0.46255747612323467,1000,COMPLETE
40,0.005955071654170752,2026-05-18 08:01:42.618241,2026-05-18 08:01:42.828901,0 days 00:00:00.210660,0.8633373297296079,0.997184870665425,80,99.04137740113485,1.3046415219571386,0.009921745298176613,2,0.3760798034899474,4000,PRUNED
41,0.00027382560074329376,2026-05-18 08:01:42.835675,2026-05-18 08:01:46.725555,0 days 00:00:03.889880,0.8920302075886997,0.9954065089616416,48,28.67654837052626,2.142510041936473,0.004731343532438849,6,0.5400418513681657,1000,PRUNED
42,1.6453701618956984e-06,2026-05-18 08:01:46.733337,2026-05-18 08:01:58.897287,0 days 00:00:12.163950,0.8805128446388315,0.9944125579704586,48,42.64126440218682,3.2151169762325256,0.007455216283769997,6,0.4584173806034325,1000,COMPLETE
43,0.004279179498553276,2026-05-18 08:01:58.908218,2026-05-18 08:01:59.230680,0 days 00:00:00.322462,0.8783654669805515,0.9945016337784364,112,41.811829651366295,3.3037200972348533,0.007806646175533949,6,0.47219630343305585,3000,PRUNED
44,0.0014942357083782554,2026-05-18 08:01:59.239446,2026-05-18 08:02:00.189212,0 days 00:00:00.949766,0.8577506109983702,0.9950124882012314,64,61.560043059831195,0.6233908520302472,0.007225760089361714,6,0.41078306644981405,1000,PRUNED
45,0.0010125602129846811,2026-05-18 08:02:00.196446,2026-05-18 08:02:01.824875,0 days 00:00:01.628429,0.8674148269068228,0.9958362575611862,48,74.61256528066059,5.1512373144562975,0.0032712338414913698,6,0.4378432260563273,2000,PRUNED
46,0.0011168746277689934,2026-05-18 08:02:01.831858,2026-05-18 08:02:03.157238,0 days 00:00:01.325380,0.8845888523245224,0.9974838895489584,64,46.78325365228598,0.19271552447803958,0.004729046655182797,6,0.36487212882986647,5000,PRUNED
47,0.049244433641433716,2026-05-18 08:02:03.164607,2026-05-18 08:02:03.523656,0 days 00:00:00.359049,0.9670264253126721,0.9943519830887704,16,16.173497064319474,9.818902009824228,0.00016418479631553413,6,0.5315935804980435,3000,PRUNED
48,0.0030672959983348846,2026-05-18 08:02:03.531309,2026-05-18 08:02:03.836791,0 days 00:00:00.305482,0.8576254315517882,0.9963936242738924,80,26.94880954163108,0.47680262317214256,0.0034968730305816025,4,0.5788740018786731,4000,PRUNED
49,0.0034034880809485912,2026-05-18 08:02:03.844564,2026-05-18 08:02:04.070879,0 days 00:00:00.226315,0.8713044537583675,0.9936842667068746,48,53.10206122211505,3.491296396627249,0.006947224955096578,3,0.5065731142954703,3000,PRUNED
50,0.007038883864879608,2026-05-18 08:02:04.077059,2026-05-18 08:02:04.367116,0 days 00:00:00.290057,0.9079514388307799,0.9951431115433222,64,34.64693969150067,1.7355293018424374,0.00036537288730985193,5,0.3454980113634972,5000,PRUNED
51,4.508863185037626e-06,2026-05-18 08:02:04.373196,2026-05-18 08:02:16.229274,0 days 00:00:11.856078,0.8893679093906647,0.9962362299031119,48,31.976673744032063,2.647389360765659,0.0046376897322050635,6,0.4359664059027275,1000,COMPLETE
52,1.5964018302838667e-06,2026-05-18 08:02:16.239482,2026-05-18 08:02:27.542393,0 days 00:00:11.302911,0.8980587362877563,0.9956559969462905,48,43.242706770237945,4.741774996050037,0.008343743291523228,6,0.47826940942696317,1000,COMPLETE
53,0.0026874069590121508,2026-05-18 08:02:27.555206,2026-05-18 08:02:27.870224,0 days 00:00:00.315018,0.8966976273194098,0.9948153476473961,32,75.66828016753344,5.373986593103434,0.009795301717271837,6,0.6166605664000109,1000,PRUNED
54,3.4855975172831677e-06,2026-05-18 08:02:27.879397,2026-05-18 08:02:40.004228,0 days 00:00:12.124831,0.9243279257397896,0.99577563369876,48,44.06171432555407,0.06870356172971334,0.007842271490196244,6,0.4841835387896649,2000,COMPLETE
55,4.804895525012398e-06,2026-05-18 08:02:40.012492,2026-05-18 08:02:51.066217,0 days 00:00:11.053725,0.9242563963886092,0.9906842459404939,48,41.93570184013873,0.07887610561954968,0.008226755483541083,5,0.4796308747918444,2000,COMPLETE
56,0.0017504298593848944,2026-05-18 08:02:51.074626,2026-05-18 08:02:51.720669,0 days 00:00:00.646043,0.9216904128408495,0.993805453337474,32,54.64603730881181,0.01745033370076499,0.006319735461719248,6,0.49651095274766033,1000,PRUNED
57,0.006646719295531511,2026-05-18 08:02:51.728569,2026-05-18 08:02:52.015426,0 days 00:00:00.286857,0.9138658080462072,0.9978190612400514,16,7.6093173883285665,0.11646974282655326,0.005222784875862341,5,0.5598298730593697,2000,PRUNED
58,4.634364358935272e-06,2026-05-18 08:02:52.022786,2026-05-18 08:03:04.086385,0 days 00:00:12.063599,0.8535552927970778,0.9940433533662396,48,24.757310681031434,0.055918856694409665,0.008493441848100402,6,0.5215941570696142,2000,COMPLETE
59,0.006406786851584911,2026-05-18 08:03:04.096949,2026-05-18 08:03:04.341453,0 days 00:00:00.244504,0.9437698225964223,0.9926014941082152,32,43.81670569820573,0.022079668328202486,0.0033895563067013208,2,0.5904110680083577,1000,PRUNED
60,0.0037499067839235067,2026-05-18 08:03:04.349905,2026-05-18 08:03:04.630503,0 days 00:00:00.280598,0.9339740295188199,0.9966839829625717,32,21.89551965897914,0.009823966861769975,0.006099496791182044,5,0.4471298572589679,2000,PRUNED
61,1.9339822756592184e-06,2026-05-18 08:03:04.636654,2026-05-18 08:03:16.206681,0 days 00:00:11.570027,0.8618050744358849,0.9958783160361838,48,83.09805932616818,6.425430578359461,0.007627642921824246,6,0.40390429095009317,1000,COMPLETE
62,0.0007627193117514253,2026-05-18 08:03:16.217329,2026-05-18 08:03:19.610089,0 days 00:00:03.392760,0.8607982722687779,0.9951787440100865,48,87.15332374094405,6.697835437297527,0.005019358977240904,6,0.40634450556042717,1000,PRUNED
63,3.37753476742364e-06,2026-05-18 08:03:19.617688,2026-05-18 08:03:31.302426,0 days 00:00:11.684738,0.8506348430963335,0.9961140748458486,48,54.12325756355341,0.04521046654117155,0.00797186521738077,6,0.4191665471070438,1000,COMPLETE
64,0.00028905252111144364,2026-05-18 08:03:31.310409,2026-05-18 08:03:34.845179,0 days 00:00:03.534770,0.854225575128938,0.9961375898254233,48,55.53899331149159,2.807072470590961,0.00601705863173264,6,0.30380616347558886,1000,PRUNED
65,0.0016036916058510542,2026-05-18 08:03:34.853407,2026-05-18 08:03:35.527119,0 days 00:00:00.673712,0.8637270171966982,0.9944354668462781,32,82.28816197534395,0.03379909849403733,0.00877213466144806,6,0.39884411453853713,1000,PRUNED
66,3.5549933272704948e-06,2026-05-18 08:03:35.533783,2026-05-18 08:03:47.140087,0 days 00:00:11.606304,0.850844375339915,0.9919860035482226,48,62.20413674327617,6.722122724359774,0.006720994412990852,5,0.4227771065491885,1000,COMPLETE
67,0.08344695717096329,2026-05-18 08:03:47.152236,2026-05-18 08:03:47.528141,0 days 00:00:00.375905,0.8673728067646973,0.9994709940718014,32,37.2790226195594,4.148715980323185,0.00010843558466752727,6,0.456785587249036,1000,PRUNED
68,0.0031787704210728407,2026-05-18 08:03:47.535897,2026-05-18 08:03:47.793326,0 days 00:00:00.257429,0.8615996158292384,0.9900054436098544,64,3.164381818244589,1.5873354668295732,0.005306395499979033,3,0.33044484393428797,1000,PRUNED
69,0.0050331829115748405,2026-05-18 08:03:47.800651,2026-05-18 08:03:48.054252,0 days 00:00:00.253601,0.8762732585295253,0.9933736221503573,16,73.09541970767711,0.958324476773217,0.009933593444974007,4,0.3645942733063787,1000,PRUNED
70,0.003113154787570238,2026-05-18 08:03:48.061253,2026-05-18 08:03:48.352257,0 days 00:00:00.291004,0.8717040629392385,0.9966321666858906,48,28.663212160212826,0.0037122303636027633,0.002463024890728734,5,0.4265063789687553,1000,PRUNED
71,5.765226433140924e-06,2026-05-18 08:03:48.359613,2026-05-18 08:04:00.747620,0 days 00:00:12.388007,0.9283360681114174,0.9956503566302903,48,47.118008210987554,0.05762024237657534,0.007725009470896921,6,0.48035490078498144,2000,COMPLETE
72,0.0008519141701981425,2026-05-18 08:04:00.756888,2026-05-18 08:04:03.075485,0 days 00:00:02.318597,0.8574551167801475,0.9960589946392095,48,50.28773254933291,0.18807537598144378,0.00782787189971886,6,0.4532401594625994,2000,PRUNED
73,0.0009578063618391752,2026-05-18 08:04:03.085236,2026-05-18 08:04:03.946551,0 days 00:00:00.861315,0.884378283044327,0.9953452376440286,48,39.21351281684109,0.0011273568002424996,0.0039209975930684406,6,0.48952176583845874,1000,PRUNED
74,0.002664634957909584,2026-05-18 08:04:03.952667,2026-05-18 08:04:04.292787,0 days 00:00:00.340120,0.9096699835410778,0.9946254015071709,64,68.62962918186882,0.08685630179524532,0.006280045348556709,6,0.631967619654484,2000,PRUNED
75,3.6743576856679283e-06,2026-05-18 08:04:04.299321,2026-05-18 08:04:16.772572,0 days 00:00:12.473251,0.8545963000618142,0.9957136713018949,32,32.68860516681438,0.04355412491996637,0.008763794717226332,6,0.7067289741844771,1000,COMPLETE
76,0.0006072936812415719,2026-05-18 08:04:16.780888,2026-05-18 08:04:18.505051,0 days 00:00:01.724163,0.8651687555449967,0.9971427982441852,48,98.49497439998026,0.26486957953428447,0.007142807540559141,6,0.5070781396549013,1000,PRUNED
77,0.002628323622047901,2026-05-18 08:04:18.514807,2026-05-18 08:04:18.846276,0 days 00:00:00.331469,0.9024310196801937,0.9949153146256502,32,55.73633650099347,0.15582364372546723,0.0054586063952258386,6,0.8976936819020521,4000,PRUNED
78,0.0022367576602846384,2026-05-18 08:04:18.855599,2026-05-18 08:04:19.170380,0 days 00:00:00.314781,0.8740896514151438,0.9970981725603244,64,47.31735171228986,7.75484229814718,0.004364777830418098,6,0.3926584166037837,1000,PRUNED
79,0.002993681700900197,2026-05-18 08:04:19.176498,2026-05-18 08:04:19.461750,0 days 00:00:00.285252,0.8602922027190518,0.9963550374833149,48,13.124583730269519,0.020483087122762835,0.0014972942223739378,5,0.4693654764465395,3000,PRUNED
80,0.0014368185074999928,2026-05-18 08:04:19.468040,2026-05-18 08:04:20.056744,0 days 00:00:00.588704,0.8503713393692128,0.9942281456313423,32,80.60462826161488,0.1170521821827492,0.00794207933570665,6,0.5285836647697325,5000,PRUNED
81,0.015852801501750946,2026-05-18 08:04:20.063984,2026-05-18 08:04:20.378835,0 days 00:00:00.314851,0.9888696711053415,0.9959225476677103,64,61.79389987391548,3.9348461092948015,0.007580750250828771,6,0.3861066622529128,5000,PRUNED
82,0.0024190344847738743,2026-05-18 08:04:20.385188,2026-05-18 08:04:20.731062,0 days 00:00:00.345874,0.8813457136503321,0.9953447442475271,64,67.12774013506677,4.624971408888909,0.006838956382080395,6,0.3565004610858974,5000,PRUNED
83,0.0014852714957669377,2026-05-18 08:04:20.739162,2026-05-18 08:04:21.426216,0 days 00:00:00.687054,0.8704842570845875,0.9956401715795764,80,41.54715766757584,6.311223202329654,0.00901715466175773,6,0.4290922160282136,5000,PRUNED
84,3.1330228011938743e-06,2026-05-18 08:04:21.436148,2026-05-18 08:04:33.980492,0 days 00:00:12.544344,0.9186787135098254,0.9965337627927117,48,18.087562991907376,2.4968456418272673,0.0058894892500980876,6,0.41104969292576554,5000,COMPLETE
85,0.004928217735141516,2026-05-18 08:04:33.989046,2026-05-18 08:04:34.348206,0 days 00:00:00.359160,0.9159708503772211,0.9966037405209548,48,18.10154654127361,2.6567205510019942,0.0007323630743068147,6,0.41633549289699934,5000,PRUNED
86,0.0037135654129087925,2026-05-18 08:04:34.355495,2026-05-18 08:04:34.690428,0 days 00:00:00.334933,0.9533723331119336,0.9975316822051946,48,25.492200923585404,1.076167372774216,0.00578533603831129,5,0.4503425633840461,4000,PRUNED
87,0.00012731627793982625,2026-05-18 08:04:34.697631,2026-05-18 08:04:38.957040,0 days 00:00:04.259409,0.9288753230729107,0.996868705552727,48,11.005814323252899,1.8441230265811834,0.00479332222785792,6,0.49232978024125346,5000,PRUNED
88,0.002182641066610813,2026-05-18 08:04:38.965843,2026-05-18 08:04:39.323881,0 days 00:00:00.358038,0.918510086277194,0.996061782239043,48,36.35771609559259,0.787135603558972,0.0036803629113371173,6,0.6713834866847476,3000,PRUNED
89,0.0022617303766310215,2026-05-18 08:04:39.333059,2026-05-18 08:04:39.601348,0 days 00:00:00.268289,0.9345471649307664,0.9984588714013293,32,7.821960903385514,1.2317575227913984,0.006317027922363588,4,0.4002677721698093,1000,PRUNED
90,5.081976269138977e-06,2026-05-18 08:04:39.608722,2026-05-18 08:04:51.493656,0 days 00:00:11.884934,0.8997504488812774,0.9950149673901201,48,32.87993979708776,0.0261091344676824,0.005156078999826834,6,0.5497890980961831,5000,COMPLETE
91,0.0022064289078116417,2026-05-18 08:04:51.503168,2026-05-18 08:04:51.866277,0 days 00:00:00.363109,0.8680425535276811,0.9964513260516891,64,59.03415713324669,3.142312330175922,0.007101455673906389,6,0.37998624433749556,5000,PRUNED
92,0.00156072445679456,2026-05-18 08:04:51.874382,2026-05-18 08:04:52.477023,0 days 00:00:00.602641,0.8563310183965509,0.9958949275769603,64,50.80123762675188,5.247027010754865,0.007594347461144141,6,0.33323005154921,5000,PRUNED
93,4.691597951023141e-06,2026-05-18 08:04:52.483562,2026-05-18 08:05:04.673345,0 days 00:00:12.189783,0.878758087668278,0.9955317031227051,48,44.26319767495868,9.104920818524116,0.009041459207730649,6,0.3729111154428871,5000,COMPLETE
94,0.00047432526480406523,2026-05-18 08:05:04.681919,2026-05-18 08:05:07.891936,0 days 00:00:03.210017,0.8600980583707197,0.9946925929579067,48,29.95492830950771,2.354901131730755,0.005600259810648176,6,0.4406179352548085,5000,PRUNED
95,0.0023754460271447897,2026-05-18 08:05:07.899485,2026-05-18 08:05:08.262227,0 days 00:00:00.362742,0.8641151668211028,0.9952453020257462,64,22.146933129407195,6.1635660878361485,0.0030665932814549135,6,0.40880439133362884,5000,PRUNED
96,0.0006365588051266968,2026-05-18 08:05:08.269291,2026-05-18 08:05:09.905668,0 days 00:00:01.636377,0.887191706731545,0.9962196656634847,48,39.45372804935043,4.021008437956642,0.00438631847911221,6,0.4665773880595796,4000,PRUNED
97,0.007473162841051817,2026-05-18 08:05:09.915574,2026-05-18 08:05:10.249824,0 days 00:00:00.334250,0.8957499662801972,0.9957520799521004,48,51.35087635042371,0.05156692471237291,0.0005191835051289621,5,0.7662884315254982,1000,PRUNED
98,0.0007800745661370456,2026-05-18 08:05:10.256922,2026-05-18 08:05:13.498743,0 days 00:00:03.241821,0.8542632360824503,0.9909609762371039,32,70.52258424747005,3.198389998105359,0.009932608017587814,6,0.3520817862500698,2000,PRUNED
99,0.0023315525613725185,2026-05-18 08:05:13.506888,2026-05-18 08:05:13.867624,0 days 00:00:00.360736,0.9253188229617074,0.9924523100356865,96,18.17641833669759,0.014314373185266472,0.006480892164274774,6,0.4234456120640929,5000,PRUNED
100,0.0029188888147473335,2026-05-18 08:05:13.873803,2026-05-18 08:05:14.134734,0 days 00:00:00.260931,0.874039387594106,0.9930783909776932,64,14.882623184900542,1.9562956004068623,0.00835776791774469,4,0.5101835590877479,1000,PRUNED
101,1.5802219195393263e-06,2026-05-18 08:05:14.141021,2026-05-18 08:05:25.146429,0 days 00:00:11.005408,0.8514723655209232,0.9920012932585945,48,60.05552904201257,7.136482636776534,0.006839961728012141,5,0.41708675288621755,1000,COMPLETE
102,0.0013851645635440946,2026-05-18 08:05:25.156865,2026-05-18 08:05:25.769559,0 days 00:00:00.612694,0.8506394553313273,0.9905207353245402,48,80.99208621024607,7.5584509753276805,0.005906816415326587,5,0.3916499235817672,1000,PRUNED
103,1.6433934888482327e-06,2026-05-18 08:05:25.776870,2026-05-18 08:05:36.697127,0 days 00:00:10.920257,0.8555573265555351,0.9913410469611253,48,59.64527864444093,4.554033936956045,0.007171680098755472,5,0.4376027387145734,1000,COMPLETE
104,0.0009818746475502849,2026-05-18 08:05:36.706114,2026-05-18 08:05:39.040269,0 days 00:00:02.334155,0.855847208533815,0.9915320601803684,48,57.6002409321639,9.924859545942255,0.006706549987824169,5,0.48045330970236855,1000,PRUNED
105,1.8378228787696571e-06,2026-05-18 08:05:39.046891,2026-05-18 08:05:50.396596,0 days 00:00:11.349705,0.8592791710860774,0.9919017634053627,48,44.958257767375216,0.068062720095179,0.008202346399403992,5,0.43729092493764143,1000,COMPLETE
106,0.003195543074980378,2026-05-18 08:05:50.404621,2026-05-18 08:05:50.689214,0 days 00:00:00.284593,0.8599401123614738,0.9912565881209274,32,47.83192775094366,5.881286814524015,0.0051148116612679765,5,0.43244173949857867,1000,PRUNED
107,0.00012959812011104077,2026-05-18 08:05:50.697014,2026-05-18 08:05:54.993356,0 days 00:00:04.296342,0.8532582774095298,0.9918567453878361,48,64.44648943470438,1.4116893833560922,0.008674716553055649,5,0.4455136666834497,1000,PRUNED
108,0.0024492049124091864,2026-05-18 08:05:55.003328,2026-05-18 08:05:55.804314,0 days 00:00:00.800986,0.8615631743749114,0.9928346184133543,48,91.35343897044464,4.545075520264978,0.007397738760378705,5,0.4123240059536544,1000,PRUNED
109,0.0025113611482083797,2026-05-18 08:05:55.811622,2026-05-18 08:05:56.116624,0 days 00:00:00.305002,0.868645982270359,0.9922131835451586,48,35.42786412014455,7.965498107467057,0.003987558344153779,5,0.46051643325517805,1000,PRUNED
110,0.002686465857550502,2026-05-18 08:05:56.123567,2026-05-18 08:05:56.450695,0 days 00:00:00.327128,0.8654579191984858,0.9908726926827438,32,27.560794312634574,3.57321770911499,0.006089688425155796,5,0.8468000161517619,1000,PRUNED
111,2.142301809726632e-06,2026-05-18 08:05:56.457132,2026-05-18 08:06:07.783911,0 days 00:00:11.326779,0.8585060063092933,0.9917601954029158,48,44.80307741040857,0.07169448034811154,0.009125920439301952,5,0.443621789040061,1000,COMPLETE
112,0.0009537170408293605,2026-05-18 08:06:07.792140,2026-05-18 08:06:08.570164,0 days 00:00:00.778024,0.8579395954826126,0.99181250273493,48,39.18023981691699,0.041010075554022106,0.008982835250365227,5,0.4018351400187021,1000,PRUNED
113,2.3471077383874217e-06,2026-05-18 08:06:08.579189,2026-05-18 08:06:19.098220,0 days 00:00:10.519031,0.852611577890036,0.9912277731585598,48,53.17800109065017,0.09439948171285782,0.008312642566593982,5,0.4424324248797817,1000,COMPLETE
114,0.0006802430143579841,2026-05-18 08:06:19.106962,2026-05-18 08:06:20.311549,0 days 00:00:01.204587,0.8632650649116881,0.9912105990510356,48,44.84876563899898,0.06618219887235893,0.009407015023032594,5,0.4409706821696193,1000,PRUNED
115,0.0005902413395233452,2026-05-18 08:06:20.319978,2026-05-18 08:06:21.655648,0 days 00:00:01.335670,0.8549718704401686,0.9902181439608997,48,57.8491603874075,0.1345720360814818,0.006941747021332866,5,0.4573645930785393,1000,PRUNED
116,0.000744879653211683,2026-05-18 08:06:21.662477,2026-05-18 08:06:22.689705,0 days 00:00:01.027228,0.858738235979674,0.9916631353815176,48,51.32003746294701,0.4005841202873902,0.008233063770718259,5,0.4695071690702052,1000,PRUNED
117,0.002142025623470545,2026-05-18 08:06:22.699570,2026-05-18 08:06:22.988552,0 days 00:00:00.288982,0.8527542229137255,0.9906996939001204,32,1.9892699628463937,0.0966789669572018,0.005576522734211524,5,0.4317583668808298,1000,PRUNED
118,0.006928753573447466,2026-05-18 08:06:22.995574,2026-05-18 08:06:23.307060,0 days 00:00:00.311486,0.8625872409303802,0.9912786946753166,48,43.2116213633967,0.09125535636091775,0.00032108332656166085,5,0.41986192386961624,1000,PRUNED
119,0.0070229885168373585,2026-05-18 08:06:23.313493,2026-05-18 08:06:23.601833,0 days 00:00:00.288340,0.865577446582343,0.9914590604911806,16,31.164653469469496,0.22508597731724658,0.004816002462422547,5,0.4499811773736567,1000,PRUNED
120,0.0018490031361579895,2026-05-18 08:06:23.608152,2026-05-18 08:06:23.898541,0 days 00:00:00.290389,0.8563332177872356,0.9927498170760437,48,75.9436758962086,2.4565287350775873,0.006425865718266884,5,0.49752222584192146,1000,PRUNED
121,0.0008940944680944085,2026-05-18 08:06:23.904667,2026-05-18 08:06:26.139667,0 days 00:00:02.235000,0.85058941548949,0.9923731668697657,48,55.01188924629283,0.0721971801721621,0.0080088463370908,5,0.41564762594932786,1000,PRUNED
122,0.003640576498582959,2026-05-18 08:06:26.146740,2026-05-18 08:06:26.443308,0 days 00:00:00.296568,0.8524441738629511,0.9921620239494676,112,64.97500177335714,0.052595366364157854,0.007362938578597324,5,0.7282147746863966,1000,PRUNED
123,3.0345845516421832e-06,2026-05-18 08:06:26.450015,2026-05-18 08:06:37.027713,0 days 00:00:10.577698,0.850185693506553,0.9919910381485582,48,49.39436561333245,0.03330115200854655,0.009951721587979332,5,0.401933478503336,1000,COMPLETE
124,0.0011139967245981097,2026-05-18 08:06:37.037602,2026-05-18 08:06:38.528970,0 days 00:00:01.491368,0.8578599050991452,0.992121554203269,48,34.73900268633332,0.027410836408436032,0.009679029248033056,5,0.367614882697517,1000,PRUNED
125,0.0023970191832631826,2026-05-18 08:06:38.536038,2026-05-18 08:06:38.837088,0 days 00:00:00.301050,0.8553529495427902,0.9916779638730514,48,47.47155013516435,0.15539111775914485,0.008675204840024106,4,0.39430766184608795,1000,PRUNED
126,0.0008332611760124564,2026-05-18 08:06:38.844051,2026-05-18 08:06:41.494277,0 days 00:00:02.650226,0.8601787358087399,0.9919794157184197,48,40.29235287960565,6.806599298985384,0.006975111811180236,5,0.6073919181847496,1000,PRUNED
127,0.00266653997823596,2026-05-18 08:06:41.502501,2026-05-18 08:06:41.799314,0 days 00:00:00.296813,0.8689332251874934,0.9910960778246992,48,61.30588852429202,0.03466773238272571,0.006036387109294515,4,0.43512512089153893,1000,PRUNED
128,0.0013387284707278013,2026-05-18 08:06:41.806282,2026-05-18 08:06:42.384532,0 days 00:00:00.578250,0.8533275908949973,0.9904133031725019,64,37.63066758426103,5.2555856835385075,0.00847713749050675,5,0.4016363880213677,1000,PRUNED
129,0.0013385844649747014,2026-05-18 08:06:42.391609,2026-05-18 08:06:43.306391,0 days 00:00:00.914782,0.8500523663892338,0.99186903432997,48,46.36402331732604,0.10502479386133623,0.007486995265696217,5,0.4724250566541723,1000,PRUNED
130,0.0018536967691034079,2026-05-18 08:06:43.315169,2026-05-18 08:06:43.645894,0 days 00:00:00.330725,0.8608393657608767,0.9907995269427606,32,71.06420862090263,4.59677479985684,0.009828388771316842,5,0.38376155542569584,4000,PRUNED
131,0.0008510257466696203,2026-05-18 08:06:43.652831,2026-05-18 08:06:46.023552,0 days 00:00:02.370721,0.8500224243563876,0.9922687966694427,48,55.37804776073035,0.03998362601925326,0.007992494622826574,5,0.4233691487730007,1000,PRUNED
132,0.0016812720568850636,2026-05-18 08:06:46.032335,2026-05-18 08:06:46.652524,0 days 00:00:00.620189,0.8555248873214032,0.9914063226036489,48,6.203842531110081,0.04651461602132641,0.006677665522186957,5,0.44920378114540593,1000,PRUNED
133,1.963134764082497e-06,2026-05-18 08:06:46.659277,2026-05-18 08:06:57.825584,0 days 00:00:11.166307,0.8575854055301527,0.9934808603632529,48,50.96453110018453,3.0044223078948935,0.009997627538565035,5,0.4119699622347923,1000,COMPLETE
134,1.8728412669588579e-06,2026-05-18 08:06:57.835180,2026-05-18 08:07:08.692099,0 days 00:00:10.856919,0.8586477355768444,0.993702208299514,48,50.77408055583994,3.2545594097076718,0.009266175224911417,5,0.40975223431025265,1000,COMPLETE
135,3.7017402974015567e-06,2026-05-18 08:07:08.702524,2026-05-18 08:07:19.159673,0 days 00:00:10.457149,0.8634041211504625,0.9935121009824952,48,52.08574267330622,3.25119793116694,0.00918153422815014,5,0.4048482552537423,1000,COMPLETE
136,2.1610974272334715e-06,2026-05-18 08:07:19.167852,2026-05-18 08:07:30.735101,0 days 00:00:11.567249,0.872061547350056,0.9925878642721835,48,49.59193187290656,2.5897590443343756,0.009934036558330183,5,0.4381677587696615,1000,COMPLETE
137,2.0546606265270384e-06,2026-05-18 08:07:30.743529,2026-05-18 08:07:42.248433,0 days 00:00:11.504904,0.87358035020027,0.9939535740002627,48,42.943166811943335,3.0648634335911504,0.009964320362049308,5,0.4368205590359667,1000,COMPLETE
138,3.030047082575038e-06,2026-05-18 08:07:42.257119,2026-05-18 08:07:52.487506,0 days 00:00:10.230387,0.8728589462011066,0.9944486816255554,48,41.81044647612564,2.877157382969973,0.009027381169681641,5,0.46195941025524984,1000,COMPLETE
139,0.0020522037521004677,2026-05-18 08:07:52.496156,2026-05-18 08:07:52.790718,0 days 00:00:00.294562,0.8662494325147825,0.9933755595729602,64,66.76475821305131,3.856405536948982,0.00822891960911758,5,0.44011795290622857,1000,PRUNED
140,0.0008528465987183154,2026-05-18 08:07:52.797703,2026-05-18 08:07:53.703035,0 days 00:00:00.905332,0.8771048712734018,0.9939610943290254,48,59.363739463234396,1.7380468645514036,0.00754309068565573,5,0.4312405939349256,1000,PRUNED
141,3.207320560250082e-06,2026-05-18 08:07:53.709669,2026-05-18 08:08:05.300314,0 days 00:00:11.590645,0.8725343712117266,0.9942826095988445,48,42.900851829777395,2.9108140450028768,0.009094854394252653,5,0.45723898308075533,1000,COMPLETE
142,2.6646848709788173e-06,2026-05-18 08:08:05.308680,2026-05-18 08:08:16.893761,0 days 00:00:11.585081,0.8826864703558408,0.9938633132693407,48,43.00224838086276,2.223326510820784,0.008547315532773816,5,0.4730370046898772,1000,COMPLETE
143,1.4807743582423427e-06,2026-05-18 08:08:16.903541,2026-05-18 08:08:28.246995,0 days 00:00:11.343454,0.8819437063005692,0.993825371296889,48,52.06934481094991,5.532503756623593,0.00849213404061191,5,0.47714249061247105,1000,COMPLETE
144,0.002308781025931239,2026-05-18 08:08:28.258218,2026-05-18 08:08:28.594989,0 days 00:00:00.336771,0.8809191028143731,0.9937976726906189,48,1.3052173980729773,5.631875693929474,0.008247260099073969,5,0.4741567228094483,1000,PRUNED
145,2.9218781492090784e-06,2026-05-18 08:08:28.602427,2026-05-18 08:08:40.223480,0 days 00:00:11.621053,0.8844419086836208,0.9940532442891684,48,51.2705175890171,4.277835700258747,0.009175950983835376,5,0.4912256376171851,1000,COMPLETE
146,0.0015806960873305798,2026-05-18 08:08:40.231868,2026-05-18 08:08:40.566553,0 days 00:00:00.334685,0.8925819858973075,0.9932137696259233,48,46.19034035521866,8.161766063579709,0.009992372777362672,5,0.4495415948760121,1000,PRUNED
147,1.552122967041214e-06,2026-05-18 08:08:40.574868,2026-05-18 08:08:52.183400,0 days 00:00:11.608532,0.8873695749811664,0.9938359566241769,48,87.05468231496991,6.691873275373506,0.008562823162943902,5,0.4829797307691556,1000,COMPLETE
148,0.0010494932066649199,2026-05-18 08:08:52.192031,2026-05-18 08:08:52.815057,0 days 00:00:00.623026,0.8891337027463473,0.9926056262632285,48,78.75251097674736,7.1189186875211785,0.0073352949097296475,5,0.5148397520553829,1000,PRUNED
149,0.003890406806021929,2026-05-18 08:08:52.823975,2026-05-18 08:08:53.090639,0 days 00:00:00.266664,0.8767180074813138,0.9936942694597696,48,88.33439548635343,5.416822954190927,0.007975789984593008,3,0.42487395335372663,1000,PRUNED
150,0.0007511707954108715,2026-05-18 08:08:53.099757,2026-05-18 08:08:53.894611,0 days 00:00:00.794854,0.869855116011253,0.9935384776822797,48,94.09140452784146,6.479205922718349,0.009940470877021873,5,0.4399648579682721,1000,PRUNED
151,3.618514483605395e-06,2026-05-18 08:08:53.900811,2026-05-18 08:09:05.321145,0 days 00:00:11.420334,0.8873776955394028,0.9939197825848916,48,69.89670706582167,2.1470284924840084,0.008606269032289317,5,0.4634893601125941,1000,COMPLETE
152,3.004200607392704e-06,2026-05-18 08:09:05.330699,2026-05-18 08:09:16.490048,0 days 00:00:11.159349,0.8822050745467973,0.9941892373387764,48,57.548049589073344,3.6196470356557264,0.008679680222551929,5,0.44863781986678414,1000,COMPLETE
153,0.0011199862929061055,2026-05-18 08:09:16.498674,2026-05-18 08:09:17.032198,0 days 00:00:00.533524,0.8843381268469602,0.9932466983751499,48,85.35072306353973,4.189953558043412,0.007026171814811405,5,0.48596135927402356,1000,PRUNED
154,1.7604809272597777e-06,2026-05-18 08:09:17.039645,2026-05-18 08:09:28.664194,0 days 00:00:11.624549,0.8783307776141148,0.9946498891190811,48,49.34659436386196,8.97534368782521,0.0076750773492557005,5,0.4793671757654921,1000,COMPLETE
155,0.0017616534605622292,2026-05-18 08:09:28.672773,2026-05-18 08:09:29.002513,0 days 00:00:00.329740,0.8783970942026593,0.9946031123311307,48,62.52167546712473,8.982383304170279,0.006568067874616502,5,0.4981140795225982,1000,PRUNED
156,0.017561418935656548,2026-05-18 08:09:29.008707,2026-05-18 08:09:29.323383,0 days 00:00:00.314676,0.858616741614944,0.9951176462290832,48,52.38795961377465,4.963657974105246,0.0001780263059326376,5,0.43084924716729617,1000,PRUNED
157,0.0016230354085564613,2026-05-18 08:09:29.330078,2026-05-18 08:09:30.175221,0 days 00:00:00.845143,0.8738929320424751,0.9940728488653657,48,48.294607327371764,8.804842486641869,0.0075338993517298095,5,0.48261738397735765,1000,PRUNED
158,2.1367422959883697e-06,2026-05-18 08:09:30.182652,2026-05-18 08:09:41.672995,0 days 00:00:11.490343,0.8793457483430217,0.9948598004031488,48,72.74855087247133,6.222951994218733,0.0091855779528166,5,0.4560606886510279,1000,COMPLETE
159,0.0038876174949109554,2026-05-18 08:09:41.681855,2026-05-18 08:09:42.018641,0 days 00:00:00.336786,0.8758213016597524,0.9947975631296075,48,81.6714580109051,4.755565940663113,0.0013595988982905622,5,0.4148936107151873,1000,PRUNED
160,1.914847416628618e-06,2026-05-18 08:09:42.026114,2026-05-18 08:09:52.569241,0 days 00:00:10.543127,0.8798196062954123,0.994439991678515,48,64.63249210239202,6.117793474307202,0.009212616120893123,5,0.45920993868506954,1000,COMPLETE
161,1.791865315681207e-06,2026-05-18 08:09:52.579682,2026-05-18 08:10:02.560082,0 days 00:00:09.980400,0.8791773449120477,0.9944499924050986,48,72.87634514888485,7.678291792831327,0.009283059908099299,5,0.4637496170622345,1000,COMPLETE
162,1.925586502693477e-06,2026-05-18 08:10:02.568964,2026-05-18 08:10:12.446826,0 days 00:00:09.877862,0.8785748449961805,0.9943247559907706,48,73.51010376195178,6.354338591443661,0.009340400316454233,5,0.4662820302114546,1000,COMPLETE
163,2.1586565708275884e-06,2026-05-18 08:10:12.455852,2026-05-18 08:10:23.724722,0 days 00:00:11.268870,0.8794826980173488,0.9944988488706998,48,76.10680165350954,6.170735305719768,0.009110312045692447,5,0.46232902937746634,1000,COMPLETE
164,2.3402269562211586e-06,2026-05-18 08:10:23.733268,2026-05-18 08:10:35.322540,0 days 00:00:11.589272,0.8850036585395207,0.9943448286898029,48,70.45414302900572,7.025048780767045,0.007647227682318235,5,0.5023868358427255,1000,COMPLETE
165,0.000714013003744185,2026-05-18 08:10:35.330672,2026-05-18 08:10:36.249993,0 days 00:00:00.919321,0.8873712942064556,0.9948977935827088,48,96.6487698224763,7.511745973838507,0.0091010156585541,5,0.5216907249021037,1000,PRUNED
166,0.0015198932960629463,2026-05-18 08:10:36.258029,2026-05-18 08:10:36.588424,0 days 00:00:00.330395,0.8810607603074477,0.9946146096104662,48,64.85682870026814,9.860057188372393,0.007992431834323127,5,0.4743380607938656,1000,PRUNED
167,0.0011155662359669805,2026-05-18 08:10:36.597543,2026-05-18 08:10:37.223619,0 days 00:00:00.626076,0.8803792833475385,0.9942246110487541,48,76.87201527199534,6.040177001593112,0.007098659446896549,5,0.4851059362817921,1000,PRUNED
168,0.0007296198746189475,2026-05-18 08:10:37.231914,2026-05-18 08:10:38.152360,0 days 00:00:00.920446,0.8934179834863432,0.994716061193842,48,83.21390672348137,5.383101770582751,0.009060624576412305,5,0.4602891752866661,1000,PRUNED
169,3.3780700050556334e-06,2026-05-18 08:10:38.159097,2026-05-18 08:10:48.903324,0 days 00:00:10.744227,0.8768232865450932,0.9936338020146542,48,67.42930017073488,7.683653157162812,0.008185046369731339,5,0.4557953108840113,1000,COMPLETE
170,0.003917438443750143,2026-05-18 08:10:48.911887,2026-05-18 08:10:49.209926,0 days 00:00:00.298039,0.8754388278870375,0.9944156408844302,64,59.98439573852545,3.7892065253559544,0.0008954782605597664,5,0.47593607525840553,1000,PRUNED
171,0.0007120045484043658,2026-05-18 08:10:49.216560,2026-05-18 08:10:50.089361,0 days 00:00:00.872801,0.8794361110760879,0.9945266372237141,48,79.16324216367781,6.333649355081422,0.00907562662797701,5,0.4644209870708813,1000,PRUNED
172,0.0007355803973041475,2026-05-18 08:10:50.096849,2026-05-18 08:10:51.014463,0 days 00:00:00.917614,0.8861520514405766,0.9940642030047642,48,73.92427732509833,5.497264470159373,0.009889570248586424,5,0.4501086769409424,1000,PRUNED
173,0.0007160503300838172,2026-05-18 08:10:51.023473,2026-05-18 08:10:51.808254,0 days 00:00:00.784781,0.8830290105248777,0.9942688139429879,48,86.72447739611492,6.8923960564269215,0.008875751459208985,5,0.49143905048815856,1000,PRUNED
174,0.0009368597529828548,2026-05-18 08:10:51.815288,2026-05-18 08:10:52.351871,0 days 00:00:00.536583,0.8788744023923698,0.9948910203311803,48,74.32305127041506,4.3921601568355255,0.007671126733384387,5,0.4245539597816691,1000,PRUNED
175,0.0017107672756537795,2026-05-18 08:10:52.359177,2026-05-18 08:10:52.650782,0 days 00:00:00.291605,0.8790949210469017,0.994532363105725,48,65.55917209838375,6.055791078452082,0.006803787297868346,5,0.46437106497547026,1000,PRUNED
176,1.8597874031911488e-06,2026-05-18 08:10:52.657675,2026-05-18 08:11:02.592135,0 days 00:00:09.934460,0.8895340750274616,0.9937491380997054,48,58.072695053670486,8.52237775674758,0.009187694291297467,5,0.44819797375344433,1000,COMPLETE
177,1.6671797311573755e-06,2026-05-18 08:11:02.600598,2026-05-18 08:11:12.399990,0 days 00:00:09.799392,0.8904378227435412,0.9937499820337453,48,57.592112611485604,9.693840046719775,0.008243976777316276,5,0.4463587862878519,1000,COMPLETE
178,1.6107525198094663e-06,2026-05-18 08:11:12.409249,2026-05-18 08:11:22.530747,0 days 00:00:10.121498,0.8905822568555288,0.9938410464031218,48,58.2529655848113,8.93865715237737,0.008138720260569677,5,0.41100949041597196,1000,COMPLETE
179,0.0018177302554249763,2026-05-18 08:11:22.538803,2026-05-18 08:11:22.829926,0 days 00:00:00.291123,0.8920603072056381,0.9937037029635396,48,56.73439279929933,9.90592927246781,0.00738679894041136,5,0.4094040786094373,1000,PRUNED
180,0.0016104562673717737,2026-05-18 08:11:22.838045,2026-05-18 08:11:23.128478,0 days 00:00:00.290433,0.8901491769903959,0.9934341604614486,48,59.8138406525888,8.608642747780241,0.006336158995647482,5,0.3902797294235216,1000,PRUNED
181,2.2658505258732475e-06,2026-05-18 08:11:23.135688,2026-05-18 08:11:34.165347,0 days 00:00:11.029659,0.8949957327226343,0.9939785485053327,48,63.27112957881415,7.686406908751249,0.008364381555201627,5,0.4167861135995401,1000,COMPLETE
182,2.036112846326432e-06,2026-05-18 08:11:34.174816,2026-05-18 08:11:45.776090,0 days 00:00:11.601274,0.8998405879248794,0.9937576314398804,48,54.97257621988775,8.211228718636054,0.008105369526180298,5,0.424060104758529,1000,COMPLETE
183,0.0015121035976335406,2026-05-18 08:11:45.784849,2026-05-18 08:11:46.122902,0 days 00:00:00.338053,0.890280011754692,0.9937534406693961,48,54.42017973408138,8.064187253534,0.007927565969828012,5,0.42727364813841395,1000,PRUNED
184,0.0035032343585044146,2026-05-18 08:11:46.129814,2026-05-18 08:11:46.462370,0 days 00:00:00.332556,0.8990705384431315,0.9938848513923666,48,56.377627534582544,9.892916820698604,0.0019955537041847406,5,0.3943606485405239,1000,PRUNED
185,2.323688931937795e-06,2026-05-18 08:11:46.469900,2026-05-18 08:11:57.752433,0 days 00:00:11.282533,0.8951443223362896,0.9935213777170384,48,48.45119872671584,4.992912330073189,0.008319838943895418,5,0.43514665666282304,1000,COMPLETE
186,0.0009329138556495309,2026-05-18 08:11:57.760869,2026-05-18 08:11:58.384877,0 days 00:00:00.624008,0.9003708698403997,0.9931042217686864,48,67.91154323236002,8.136970486891839,0.009950234560164938,5,0.4106618406829833,1000,PRUNED
187,0.0009654750465415418,2026-05-18 08:11:58.392909,2026-05-18 08:11:58.998646,0 days 00:00:00.605737,0.908249756108256,0.9941824536760815,48,53.2074270192694,3.3308054763527113,0.007417498022688443,5,0.3794560994540617,1000,PRUNED
188,0.001863939454779029,2026-05-18 08:11:59.007240,2026-05-18 08:11:59.342420,0 days 00:00:00.335180,0.9026865685047603,0.9932967470997686,48,58.40663974817284,7.124330136831865,0.0066055122169746535,5,0.4237098888259476,1000,PRUNED
189,0.0015605679946020246,2026-05-18 08:11:59.349852,2026-05-18 08:11:59.647603,0 days 00:00:00.297751,0.8877861314152742,0.9938651365982883,48,39.0404424960129,8.822445818171484,0.007011892758570268,5,0.4439439839891095,1000,PRUNED
190,2.707358362386003e-06,2026-05-18 08:11:59.654356,2026-05-18 08:12:09.556879,0 days 00:00:09.902523,0.8904143813217651,0.9941082547178545,48,62.426616716703656,4.770416905339436,0.008237456436672364,5,0.43014544773900865,1000,COMPLETE
191,1.879015144368168e-06,2026-05-18 08:12:09.565362,2026-05-18 08:12:19.367127,0 days 00:00:09.801765,0.9048366670459415,0.9935350111065732,48,71.10023298368392,6.231788592028382,0.008991076325386477,5,0.45301970108185713,1000,COMPLETE
192,1.8633918443811126e-06,2026-05-18 08:12:19.375656,2026-05-18 08:12:30.795346,0 days 00:00:11.419690,0.8862367598301535,0.9936055143164261,48,45.23545755097032,5.5767620526787764,0.008470623843471827,5,0.4803312256779323,1000,COMPLETE
193,0.0013875054428353906,2026-05-18 08:12:30.805080,2026-05-18 08:12:31.135597,0 days 00:00:00.330517,0.9063941712913184,0.9935389414697076,48,99.89049323647411,6.802494410055631,0.007829640726851153,5,0.47993498162569054,1000,PRUNED
194,0.024954214692115784,2026-05-18 08:12:31.142534,2026-05-18 08:12:31.455706,0 days 00:00:00.313172,0.9033194107287847,0.9936482365783784,112,50.712162364721905,5.716818328065125,0.008597855473506291,5,0.47523204753122616,1000,PRUNED
195,0.0013556776102632284,2026-05-18 08:12:31.462439,2026-05-18 08:12:31.750030,0 days 00:00:00.287591,0.8854183830603135,0.9933071456154696,48,69.86371062277391,9.943148210454424,0.007238387613524094,5,0.4937390886541884,1000,PRUNED
196,0.0014990506460890174,2026-05-18 08:12:31.756314,2026-05-18 08:12:32.041656,0 days 00:00:00.285342,0.8980630789797264,0.9938029507162053,48,46.49389581511892,4.202704338379355,0.009085052047292598,5,0.4503540128420304,1000,PRUNED
197,0.0029663783498108387,2026-05-18 08:12:32.047835,2026-05-18 08:12:32.305784,0 days 00:00:00.257949,0.8969020740555103,0.9929099645733392,48,60.60348400846146,7.275676319170364,0.007888436549591848,4,0.4673062888316373,1000,PRUNED
198,0.0013200194807723165,2026-05-18 08:12:32.312066,2026-05-18 08:12:32.602252,0 days 00:00:00.290186,0.8929241314254521,0.9935167666532385,48,53.67196372435545,5.4035062073544164,0.00863495930917203,5,0.5021022107460148,1000,PRUNED
199,0.00157512491568923,2026-05-18 08:12:32.609449,2026-05-18 08:12:32.901361,0 days 00:00:00.291912,0.8827213426602885,0.9943657568593303,48,64.07439590728282,7.944175928314505,0.006802648654338502,5,0.45432180607268835,1000,PRUNED
