trial,state,rmse,hidden,n_layers,lambda_phys,lambda_ic,lr,scheduler_gamma,scheduler_step,adam_beta1,adam_beta2
0,complete,0.0005360333598218858,48,6,0.8471801418819978,15.75132049977973,0.0002051338263087451,0.3935967122017216,1000,0.9712646604084909,0.9959510386162578
1,complete,0.0015746218850836158,96,2,7.579479953348009,46.22589001020831,0.00026587543983272726,0.4090949803242604,1000,0.8925939140143353,0.9951950886731592
2,complete,0.0005229536909610033,64,3,0.2801635158716261,1.9010245319870354,0.0003839629299804173,0.5198171059762151,3000,0.9599246345950219,0.9919767704433677
3,complete,0.0013309750938788056,80,4,0.0015339162591163618,16.40928673064792,0.00021930485556643703,0.3390309557911677,5000,0.9851884846304383,0.998003133746353
4,complete,0.0012903764145448804,48,2,0.5456725485601477,7.591104805282694,0.00017541893487450815,0.5971061460667622,1000,0.9773048562910295,0.9925619218178402
7,complete,1.2137484191043768e-05,48,3,0.14817820606039092,1.9135880487692298,0.0040215545266902904,0.3447303862078625,5000,0.9581142677015321,0.9919672852471884
8,complete,2.703516474866774e-05,16,6,0.6720930050156113,28.70875348195468,0.0034877126245459306,0.3444267910404542,2000,0.8662216683335181,0.9985447239161683
11,complete,0.0003459196595940739,16,5,3.014081614611621,73.47973767867614,0.0037539522659534334,0.3124093411638383,3000,0.8604465441190641,0.9998807207324026
12,complete,8.201259333873168e-05,16,5,0.031214953823638873,30.196969843218803,0.0020518849625537163,0.4646909839694886,2000,0.9287649115322774,0.9933875261285595
13,complete,0.0002205598575528711,32,4,0.0396287130114545,6.5421073151592655,0.0017021074204418985,0.315329696886326,2000,0.9019111830037088,0.9967864956204765
14,complete,2.828369133567321e-06,32,5,1.5470900640652263,29.936200869893714,0.006096230092353268,0.5804885760194731,4000,0.8667959979275492,0.9905189446027594
15,complete,4.970363988832105e-06,48,5,1.508625542422029,1.0519095028133836,0.008429309163885967,0.6145382291843938,4000,0.943876319964684,0.9904483293373831
16,complete,5.6859162214095704e-06,32,5,2.281166987382632,91.05273581735291,0.008152059999870393,0.6461695043338067,4000,0.915952269783803,0.9901304742223711
18,complete,1.9689019609359093e-05,64,5,1.5305588647921704,1.1149993314073985,0.005906266782034528,0.693626300652922,4000,0.8800800471105714,0.9939530170183561
19,complete,5.410812718764646e-06,128,6,0.006389317704841252,4.000009167270171,0.0015632368259953138,0.8371288831612471,4000,0.9135124750050402,0.9910442618435477
20,complete,3.2479438232257962e-06,48,5,0.3640282993687915,39.24819020127144,0.005631072996138016,0.8031522400235495,5000,0.8516269346278574,0.9930409862952141
21,complete,4.4670655370282475e-06,48,5,0.32951237072808365,48.07823951397634,0.005652391337734208,0.804004614003205,5000,0.8524301764908077,0.9929751137030197
25,complete,4.400770194479264e-06,32,5,3.7528466781083623,20.315188730411748,0.005639026931347986,0.6780010891580744,5000,0.8744542658661913,0.9915263435544188
31,complete,4.493203050515149e-06,48,5,0.4699989722234714,40.05841116653547,0.006608521297718777,0.8144686143269815,5000,0.857567680983525,0.9929526273747096
33,complete,2.3623008473805385e-06,48,6,8.436023304328902,56.52571543452457,0.004649268394427078,0.4399935297711267,5000,0.8568447296570315,0.9951717431878475
34,complete,3.5441614727460546e-06,64,6,4.477441282060332,64.62023092947933,0.0073224336990038415,0.3836554415381256,5000,0.8791906765397017,0.9957419513873125
39,complete,4.262789389031241e-06,48,6,2.1688012964899896,32.491382795664414,0.004316088892928011,0.46255747612323467,1000,0.8896857471804118,0.9955018972398731
42,complete,1.6453701618956984e-06,48,6,3.2151169762325256,42.64126440218682,0.007455216283769997,0.4584173806034325,1000,0.8805128446388315,0.9944125579704586
51,complete,4.508863185037626e-06,48,6,2.647389360765659,31.976673744032063,0.0046376897322050635,0.4359664059027275,1000,0.8893679093906647,0.9962362299031119
52,complete,1.5964018302838667e-06,48,6,4.741774996050037,43.242706770237945,0.008343743291523228,0.47826940942696317,1000,0.8980587362877563,0.9956559969462905
54,complete,3.4855975172831677e-06,48,6,0.06870356172971334,44.06171432555407,0.007842271490196244,0.4841835387896649,2000,0.9243279257397896,0.99577563369876
55,complete,4.804895525012398e-06,48,5,0.07887610561954968,41.93570184013873,0.008226755483541083,0.4796308747918444,2000,0.9242563963886092,0.9906842459404939
58,complete,4.634364358935272e-06,48,6,0.055918856694409665,24.757310681031434,0.008493441848100402,0.5215941570696142,2000,0.8535552927970778,0.9940433533662396
61,complete,1.9339822756592184e-06,48,6,6.425430578359461,83.09805932616818,0.007627642921824246,0.40390429095009317,1000,0.8618050744358849,0.9958783160361838
63,complete,3.37753476742364e-06,48,6,0.04521046654117155,54.12325756355341,0.00797186521738077,0.4191665471070438,1000,0.8506348430963335,0.9961140748458486
66,complete,3.5549933272704948e-06,48,5,6.722122724359774,62.20413674327617,0.006720994412990852,0.4227771065491885,1000,0.850844375339915,0.9919860035482226
71,complete,5.765226433140924e-06,48,6,0.05762024237657534,47.118008210987554,0.007725009470896921,0.48035490078498144,2000,0.9283360681114174,0.9956503566302903
75,complete,3.6743576856679283e-06,32,6,0.04355412491996637,32.68860516681438,0.008763794717226332,0.7067289741844771,1000,0.8545963000618142,0.9957136713018949
84,complete,3.1330228011938743e-06,48,6,2.4968456418272673,18.087562991907376,0.0058894892500980876,0.41104969292576554,5000,0.9186787135098254,0.9965337627927117
90,complete,5.081976269138977e-06,48,6,0.0261091344676824,32.87993979708776,0.005156078999826834,0.5497890980961831,5000,0.8997504488812774,0.9950149673901201
93,complete,4.691597951023141e-06,48,6,9.104920818524116,44.26319767495868,0.009041459207730649,0.3729111154428871,5000,0.878758087668278,0.9955317031227051
101,complete,1.5802219195393263e-06,48,5,7.136482636776534,60.05552904201257,0.006839961728012141,0.41708675288621755,1000,0.8514723655209232,0.9920012932585945
103,complete,1.6433934888482327e-06,48,5,4.554033936956045,59.64527864444093,0.007171680098755472,0.4376027387145734,1000,0.8555573265555351,0.9913410469611253
105,complete,1.8378228787696571e-06,48,5,0.068062720095179,44.958257767375216,0.008202346399403992,0.43729092493764143,1000,0.8592791710860774,0.9919017634053627
111,complete,2.142301809726632e-06,48,5,0.07169448034811154,44.80307741040857,0.009125920439301952,0.443621789040061,1000,0.8585060063092933,0.9917601954029158
113,complete,2.3471077383874217e-06,48,5,0.09439948171285782,53.17800109065017,0.008312642566593982,0.4424324248797817,1000,0.852611577890036,0.9912277731585598
123,complete,3.0345845516421832e-06,48,5,0.03330115200854655,49.39436561333245,0.009951721587979332,0.401933478503336,1000,0.850185693506553,0.9919910381485582
133,complete,1.963134764082497e-06,48,5,3.0044223078948935,50.96453110018453,0.009997627538565035,0.4119699622347923,1000,0.8575854055301527,0.9934808603632529
134,complete,1.8728412669588579e-06,48,5,3.2545594097076718,50.77408055583994,0.009266175224911417,0.40975223431025265,1000,0.8586477355768444,0.993702208299514
135,complete,3.7017402974015567e-06,48,5,3.25119793116694,52.08574267330622,0.00918153422815014,0.4048482552537423,1000,0.8634041211504625,0.9935121009824952
136,complete,2.1610974272334715e-06,48,5,2.5897590443343756,49.59193187290656,0.009934036558330183,0.4381677587696615,1000,0.872061547350056,0.9925878642721835
137,complete,2.0546606265270384e-06,48,5,3.0648634335911504,42.943166811943335,0.009964320362049308,0.4368205590359667,1000,0.87358035020027,0.9939535740002627
138,complete,3.030047082575038e-06,48,5,2.877157382969973,41.81044647612564,0.009027381169681641,0.46195941025524984,1000,0.8728589462011066,0.9944486816255554
141,complete,3.207320560250082e-06,48,5,2.9108140450028768,42.900851829777395,0.009094854394252653,0.45723898308075533,1000,0.8725343712117266,0.9942826095988445
142,complete,2.6646848709788173e-06,48,5,2.223326510820784,43.00224838086276,0.008547315532773816,0.4730370046898772,1000,0.8826864703558408,0.9938633132693407
143,complete,1.4807743582423427e-06,48,5,5.532503756623593,52.06934481094991,0.00849213404061191,0.47714249061247105,1000,0.8819437063005692,0.993825371296889
145,complete,2.9218781492090784e-06,48,5,4.277835700258747,51.2705175890171,0.009175950983835376,0.4912256376171851,1000,0.8844419086836208,0.9940532442891684
147,complete,1.552122967041214e-06,48,5,6.691873275373506,87.05468231496991,0.008562823162943902,0.4829797307691556,1000,0.8873695749811664,0.9938359566241769
151,complete,3.618514483605395e-06,48,5,2.1470284924840084,69.89670706582167,0.008606269032289317,0.4634893601125941,1000,0.8873776955394028,0.9939197825848916
152,complete,3.004200607392704e-06,48,5,3.6196470356557264,57.548049589073344,0.008679680222551929,0.44863781986678414,1000,0.8822050745467973,0.9941892373387764
154,complete,1.7604809272597777e-06,48,5,8.97534368782521,49.34659436386196,0.0076750773492557005,0.4793671757654921,1000,0.8783307776141148,0.9946498891190811
158,complete,2.1367422959883697e-06,48,5,6.222951994218733,72.74855087247133,0.0091855779528166,0.4560606886510279,1000,0.8793457483430217,0.9948598004031488
160,complete,1.914847416628618e-06,48,5,6.117793474307202,64.63249210239202,0.009212616120893123,0.45920993868506954,1000,0.8798196062954123,0.994439991678515
161,complete,1.791865315681207e-06,48,5,7.678291792831327,72.87634514888485,0.009283059908099299,0.4637496170622345,1000,0.8791773449120477,0.9944499924050986
162,complete,1.925586502693477e-06,48,5,6.354338591443661,73.51010376195178,0.009340400316454233,0.4662820302114546,1000,0.8785748449961805,0.9943247559907706
163,complete,2.1586565708275884e-06,48,5,6.170735305719768,76.10680165350954,0.009110312045692447,0.46232902937746634,1000,0.8794826980173488,0.9944988488706998
164,complete,2.3402269562211586e-06,48,5,7.025048780767045,70.45414302900572,0.007647227682318235,0.5023868358427255,1000,0.8850036585395207,0.9943448286898029
169,complete,3.3780700050556334e-06,48,5,7.683653157162812,67.42930017073488,0.008185046369731339,0.4557953108840113,1000,0.8768232865450932,0.9936338020146542
176,complete,1.8597874031911488e-06,48,5,8.52237775674758,58.072695053670486,0.009187694291297467,0.44819797375344433,1000,0.8895340750274616,0.9937491380997054
177,complete,1.6671797311573755e-06,48,5,9.693840046719775,57.592112611485604,0.008243976777316276,0.4463587862878519,1000,0.8904378227435412,0.9937499820337453
178,complete,1.6107525198094663e-06,48,5,8.93865715237737,58.2529655848113,0.008138720260569677,0.41100949041597196,1000,0.8905822568555288,0.9938410464031218
181,complete,2.2658505258732475e-06,48,5,7.686406908751249,63.27112957881415,0.008364381555201627,0.4167861135995401,1000,0.8949957327226343,0.9939785485053327
182,complete,2.036112846326432e-06,48,5,8.211228718636054,54.97257621988775,0.008105369526180298,0.424060104758529,1000,0.8998405879248794,0.9937576314398804
185,complete,2.323688931937795e-06,48,5,4.992912330073189,48.45119872671584,0.008319838943895418,0.43514665666282304,1000,0.8951443223362896,0.9935213777170384
190,complete,2.707358362386003e-06,48,5,4.770416905339436,62.426616716703656,0.008237456436672364,0.43014544773900865,1000,0.8904143813217651,0.9941082547178545
191,complete,1.879015144368168e-06,48,5,6.231788592028382,71.10023298368392,0.008991076325386477,0.45301970108185713,1000,0.9048366670459415,0.9935350111065732
192,complete,1.8633918443811126e-06,48,5,5.5767620526787764,45.23545755097032,0.008470623843471827,0.4803312256779323,1000,0.8862367598301535,0.9936055143164261
